gene_symbol,uniprot_id,protein_name,in_reactome,in_kegg,confidence,pathway_ids,source_primary,date_compiled
TRAF2,Q12933,UniProt:Q12933 TRAF2,True,True,Both sources,"R-HSA-109581, hsa04210",Reactome,2026-08-02
TRADD,Q15628,UniProt:Q15628 TRADD,True,True,Both sources,"R-HSA-109581, hsa04210",Reactome,2026-08-02
RIPK1,Q13546,UniProt:Q13546 RIPK1,True,True,Both sources,"R-HSA-109581, hsa04210",Reactome,2026-08-02
FADD,Q13158,UniProt:Q13158 FADD,True,True,Both sources,"R-HSA-109581, hsa04210",Reactome,2026-08-02
CASP8,Q14790,UniProt:Q14790 CASP8,True,True,Both sources,"R-HSA-109581, hsa04210",Reactome,2026-08-02
TNFRSF10B,O14763,UniProt:O14763 TNFRSF10B,True,True,Both sources,"R-HSA-109581, hsa04210",Reactome,2026-08-02
TNFRSF10A,O00220,UniProt:O00220 TNFRSF10A,True,True,Both sources,"R-HSA-109581, hsa04210",Reactome,2026-08-02
TNFSF10,P50591,UniProt:P50591 TNFSF10,True,True,Both sources,"R-HSA-109581, hsa04210",Reactome,2026-08-02
FASLG,P48023,UniProt:P48023 FASLG,True,True,Both sources,"R-HSA-109581, hsa04210",Reactome,2026-08-02
FAS,P25445,UniProt:P25445 FAS,True,True,Both sources,"R-HSA-109581, hsa04210",Reactome,2026-08-02
CASP9,P55211,UniProt:P55211 CASP9,True,True,Both sources,"R-HSA-109581, hsa04210",Reactome,2026-08-02
CASP3,P42574,UniProt:P42574 CASP3,True,True,Both sources,"R-HSA-109581, hsa04210",Reactome,2026-08-02
DIABLO,Q9NR28,UniProt:Q9NR28 DIABLO,True,True,Both sources,"R-HSA-109581, hsa04210",Reactome,2026-08-02
BAK1,Q16611,UniProt:Q16611 BAK1,True,True,Both sources,"R-HSA-109581, hsa04210",Reactome,2026-08-02
BAX,Q07812,UniProt:Q07812 BAX,True,True,Both sources,"R-HSA-109581, hsa04210",Reactome,2026-08-02
CYCS,P99999,UniProt:P99999 CYCS,True,True,Both sources,"R-HSA-109581, hsa04210",Reactome,2026-08-02
APAF1,O14727,UniProt:O14727 APAF1,True,True,Both sources,"R-HSA-109581, hsa04210",Reactome,2026-08-02
CASP7,P55210,UniProt:P55210 CASP7,True,True,Both sources,"R-HSA-109581, hsa04210",Reactome,2026-08-02
XIAP,P98170,UniProt:P98170 XIAP,True,True,Both sources,"R-HSA-109581, hsa04210",Reactome,2026-08-02
MAPK3,P27361,UniProt:P27361 MAPK3,True,True,Both sources,"R-HSA-109581, hsa04210",Reactome,2026-08-02
MAPK1,P28482,UniProt:P28482 MAPK1,True,True,Both sources,"R-HSA-109581, hsa04210",Reactome,2026-08-02
BID,P55957,UniProt:P55957 BID,True,True,Both sources,"R-HSA-109581, hsa04210",Reactome,2026-08-02
BCL2,P10415,UniProt:P10415 BCL2,True,True,Both sources,"R-HSA-109581, hsa04210",Reactome,2026-08-02
BAD,Q92934,UniProt:Q92934 BAD,True,True,Both sources,"R-HSA-109581, hsa04210",Reactome,2026-08-02
PMAIP1,Q13794,UniProt:Q13794 PMAIP1,True,True,Both sources,"R-HSA-109581, hsa04210",Reactome,2026-08-02
BBC3,Q9BXH1,UniProt:Q9BXH1 BBC3,True,True,Both sources,"R-HSA-109581, hsa04210",Reactome,2026-08-02
BCL2L11,O43521,UniProt:O43521 BCL2L11,True,True,Both sources,"R-HSA-109581, hsa04210",Reactome,2026-08-02
BCL2L1,Q07817,UniProt:Q07817 BCL2L1,True,True,Both sources,"R-HSA-109581, hsa04210",Reactome,2026-08-02
MAPK8,P45983,UniProt:P45983 MAPK8,True,True,Both sources,"R-HSA-109581, hsa04210",Reactome,2026-08-02
AKT3,Q9Y243,UniProt:Q9Y243 AKT3,True,True,Both sources,"R-HSA-109581, hsa04210",Reactome,2026-08-02
AKT2,P31751,UniProt:P31751 AKT2,True,True,Both sources,"R-HSA-109581, hsa04210",Reactome,2026-08-02
AKT1,P31749,UniProt:P31749 AKT1,True,True,Both sources,"R-HSA-109581, hsa04210",Reactome,2026-08-02
TP53,P04637,UniProt:P04637 TP53,True,True,Both sources,"R-HSA-109581, hsa04210",Reactome,2026-08-02
GZMB,P10144,UniProt:P10144 GZMB,True,True,Both sources,"R-HSA-109581, hsa04210",Reactome,2026-08-02
DFFA,O00273,UniProt:O00273 DFFA,True,True,Both sources,"R-HSA-109581, hsa04210",Reactome,2026-08-02
DFFB,O76075,UniProt:O76075 DFFB,True,True,Both sources,"R-HSA-109581, hsa04210",Reactome,2026-08-02
BIRC2,Q13490,UniProt:Q13490 BIRC2,True,True,Both sources,"R-HSA-109581, hsa04210",Reactome,2026-08-02
CASP6,P55212,UniProt:P55212 CASP6,True,True,Both sources,"R-HSA-109581, hsa04210",Reactome,2026-08-02
LMNB1,P20700,UniProt:P20700 LMNB1,True,True,Both sources,"R-HSA-109581, hsa04210",Reactome,2026-08-02
SPTAN1,Q13813,UniProt:Q13813 SPTAN1,True,True,Both sources,"R-HSA-109581, hsa04210",Reactome,2026-08-02
