GO_term_raw	reference_count	observed_count	expected_count	direction	fold_enrichment_raw	raw_p_value	FDR	GO_ID	GO_term	fold_enrichment_numeric	significant_FDR_0.05
transducin-mediated opsin signaling pathway (GO:0141190)	4	4	0.02	+	> 100	7.45e-10	3.42e-07	GO:0141190	transducin-mediated opsin signaling pathway	100.0	True
photoreceptor cell outer segment organization (GO:0035845)	7	6	0.04	+	> 100	1.34e-13	8.77e-11	GO:0035845	photoreceptor cell outer segment organization	100.0	True
G protein-coupled opsin signaling pathway (GO:0016056)	6	5	0.03	+	> 100	2.27e-11	1.2e-08	GO:0016056	G protein-coupled opsin signaling pathway	100.0	True
protein localization to photoreceptor outer segment (GO:1903546)	3	2	0.02	+	> 100	8.31e-05	0.0136	GO:1903546	protein localization to photoreceptor outer segment	100.0	True
phototransduction, visible light (GO:0007603)	11	6	0.06	+	> 100	8.68e-12	4.78e-09	GO:0007603	phototransduction, visible light	100.0	True
isocitrate metabolic process (GO:0006102)	4	2	0.02	+	94.40	0.000166	0.0253	GO:0006102	isocitrate metabolic process	94.4	True
photoreceptor cell morphogenesis (GO:0008594)	4	2	0.02	+	94.40	0.000166	0.025	GO:0008594	photoreceptor cell morphogenesis	94.4	True
detection of light stimulus involved in sensory perception (GO:0050962)	17	8	0.09	+	88.85	1.11e-14	9.58e-12	GO:0050962	detection of light stimulus involved in sensory perception	88.85	True
detection of light stimulus involved in visual perception (GO:0050908)	17	8	0.09	+	88.85	1.11e-14	9.02e-12	GO:0050908	detection of light stimulus involved in visual perception	88.85	True
vitamin A metabolic process (GO:0006776)	7	3	0.04	+	80.92	4.98e-06	0.00114	GO:0006776	vitamin A metabolic process	80.92	True
regulation of cilium beat frequency involved in ciliary motility (GO:0060296)	8	3	0.04	+	70.80	7.94e-06	0.00176	GO:0060296	regulation of cilium beat frequency involved in ciliary motility	70.8	True
photoreceptor cell development (GO:0042461)	31	11	0.16	+	67.00	4.25e-18	4.87e-15	GO:0042461	photoreceptor cell development	67.0	True
photoreceptor cell maintenance (GO:0045494)	36	12	0.19	+	62.94	2.94e-19	5.06e-16	GO:0045494	photoreceptor cell maintenance	62.94	True
retina homeostasis (GO:0001895)	45	14	0.24	+	58.74	8.38e-22	2.88e-18	GO:0001895	retina homeostasis	58.74	True
protein localization to non-motile cilium (GO:0097499)	17	5	0.09	+	55.53	2.23e-08	7.89e-06	GO:0097499	protein localization to non-motile cilium	55.53	True
photoreceptor cell differentiation (GO:0046530)	40	11	0.21	+	51.92	1.11e-16	1.18e-13	GO:0046530	photoreceptor cell differentiation	51.92	True
response to light intensity (GO:0009642)	11	3	0.06	+	51.49	2.31e-05	0.00448	GO:0009642	response to light intensity	51.49	True
detection of light stimulus (GO:0009583)	52	14	0.28	+	50.83	8.620000000000001e-21	2.37e-17	GO:0009583	detection of light stimulus	50.83	True
ubiquinone biosynthetic process (GO:0006744)	17	4	0.09	+	44.43	1.68e-06	0.000453	GO:0006744	ubiquinone biosynthetic process	44.43	True
quinone biosynthetic process (GO:1901663)	17	4	0.09	+	44.43	1.68e-06	0.000445	GO:1901663	quinone biosynthetic process	44.43	True
detection of visible light (GO:0009584)	26	6	0.14	+	43.57	4.06e-09	1.55e-06	GO:0009584	detection of visible light	43.57	True
sensory perception of light stimulus (GO:0050953)	152	33	0.81	+	40.99	6.28e-45	8.64e-41	GO:0050953	sensory perception of light stimulus	40.99	True
visual perception (GO:0007601)	146	31	0.77	+	40.09	7.999999999999999e-42	5.5e-38	GO:0007601	visual perception	40.09	True
ubiquinone metabolic process (GO:0006743)	19	4	0.1	+	39.75	2.71e-06	0.000667	GO:0006743	ubiquinone metabolic process	39.75	True
quinone metabolic process (GO:1901661)	21	4	0.11	+	35.96	4.16e-06	0.000986	GO:1901661	quinone metabolic process	35.96	True
eye photoreceptor cell development (GO:0042462)	21	4	0.11	+	35.96	4.16e-06	0.00097	GO:0042462	eye photoreceptor cell development	35.96	True
phototransduction (GO:0007602)	37	7	0.2	+	35.72	8.69e-10	3.74e-07	GO:0007602	phototransduction	35.72	True
regulation of cilium beat frequency (GO:0003356)	16	3	0.08	+	35.40	7.7e-05	0.0129	GO:0003356	regulation of cilium beat frequency	35.4	True
protein localization to ciliary transition zone (GO:1904491)	22	4	0.12	+	34.33	5.06e-06	0.00114	GO:1904491	protein localization to ciliary transition zone	34.33	True
non-motile cilium assembly (GO:1905515)	39	7	0.21	+	33.89	1.29e-09	5.37e-07	GO:1905515	non-motile cilium assembly	33.89	True
isoprenoid biosynthetic process (GO:0008299)	29	5	0.15	+	32.55	4.08e-07	0.000117	GO:0008299	isoprenoid biosynthetic process	32.55	True
spliceosome conformational change to release U4 (or U4atac) and U1 (or U11) (GO:0000388)	35	6	0.19	+	32.37	2.75e-08	9.47e-06	GO:0000388	spliceosome conformational change to release U4 (or U4atac) and U1 (or U11)	32.37	True
spliceosomal tri-snRNP complex assembly (GO:0000244)	38	6	0.2	+	29.81	4.62e-08	1.55e-05	GO:0000244	spliceosomal tri-snRNP complex assembly	29.81	True
spliceosomal conformational changes to generate catalytic conformation (GO:0000393)	39	6	0.21	+	29.05	5.44e-08	1.74e-05	GO:0000393	spliceosomal conformational changes to generate catalytic conformation	29.05	True
protein localization to cilium (GO:0061512)	80	12	0.42	+	28.32	1.17e-14	8.93e-12	GO:0061512	protein localization to cilium	28.32	True
eye photoreceptor cell differentiation (GO:0001754)	30	4	0.16	+	25.17	1.83e-05	0.00361	GO:0001754	eye photoreceptor cell differentiation	25.17	True
detection of external stimulus (GO:0009581)	114	14	0.6	+	23.19	1.16e-15	1.14e-12	GO:0009581	detection of external stimulus	23.19	True
ketone biosynthetic process (GO:0042181)	33	4	0.17	+	22.89	2.71e-05	0.00517	GO:0042181	ketone biosynthetic process	22.89	True
detection of abiotic stimulus (GO:0009582)	117	14	0.62	+	22.59	1.69e-15	1.55e-12	GO:0009582	detection of abiotic stimulus	22.59	True
retina morphogenesis in camera-type eye (GO:0060042)	40	4	0.21	+	18.88	5.87e-05	0.0104	GO:0060042	retina morphogenesis in camera-type eye	18.88	True
retina development in camera-type eye (GO:0060041)	93	9	0.49	+	18.27	1.56e-09	6.3e-07	GO:0060041	retina development in camera-type eye	18.27	True
intraciliary transport (GO:0042073)	54	5	0.29	+	17.48	9.77e-06	0.00204	GO:0042073	intraciliary transport	17.48	True
anatomical structure homeostasis (GO:0060249)	155	14	0.82	+	17.05	9.03e-14	6.54e-11	GO:0060249	anatomical structure homeostasis	17.05	True
tissue homeostasis (GO:0001894)	155	14	0.82	+	17.05	9.03e-14	6.21e-11	GO:0001894	tissue homeostasis	17.05	True
spliceosomal snRNP assembly (GO:0000387)	70	6	0.37	+	16.18	1.91e-06	0.000497	GO:0000387	spliceosomal snRNP assembly	16.18	True
isoprenoid metabolic process (GO:0006720)	120	10	0.64	+	15.73	8.15e-10	3.62e-07	GO:0006720	isoprenoid metabolic process	15.73	True
neural retina development (GO:0003407)	51	4	0.27	+	14.81	0.000154	0.024	GO:0003407	neural retina development	14.81	True
cilium assembly (GO:0060271)	331	24	1.75	+	13.69	9.360000000000001e-21	2.15e-17	GO:0060271	cilium assembly	13.69	True
retinoid metabolic process (GO:0001523)	90	6	0.48	+	12.59	8.34e-06	0.00182	GO:0001523	retinoid metabolic process	12.59	True
cilium organization (GO:0044782)	367	24	1.94	+	12.35	1.05e-19	2.07e-16	GO:0044782	cilium organization	12.35	True
diterpenoid metabolic process (GO:0016101)	93	6	0.49	+	12.18	1.01e-05	0.00207	GO:0016101	diterpenoid metabolic process	12.18	True
response to light stimulus (GO:0009416)	251	16	1.33	+	12.04	3.23e-13	1.93e-10	GO:0009416	response to light stimulus	12.04	True
terpenoid metabolic process (GO:0006721)	112	7	0.59	+	11.80	2.21e-06	0.000552	GO:0006721	terpenoid metabolic process	11.8	True
fat cell differentiation (GO:0045444)	83	5	0.44	+	11.37	7.94e-05	0.0132	GO:0045444	fat cell differentiation	11.37	True
eye morphogenesis (GO:0048592)	100	6	0.53	+	11.33	1.53e-05	0.00305	GO:0048592	eye morphogenesis	11.33	True
plasma membrane bounded cell projection assembly (GO:0120031)	400	24	2.12	+	11.33	7.75e-19	1.19e-15	GO:0120031	plasma membrane bounded cell projection assembly	11.33	True
cell projection assembly (GO:0030031)	404	24	2.14	+	11.22	9.75e-19	1.34e-15	GO:0030031	cell projection assembly	11.22	True
cellular response to light stimulus (GO:0071482)	100	5	0.53	+	9.44	0.000192	0.0287	GO:0071482	cellular response to light stimulus	9.44	True
post-Golgi vesicle-mediated transport (GO:0006892)	108	5	0.57	+	8.74	0.000275	0.0402	GO:0006892	post-Golgi vesicle-mediated transport	8.74	True
response to radiation (GO:0009314)	350	16	1.85	+	8.63	4.96e-11	2.44e-08	GO:0009314	response to radiation	8.63	True
camera-type eye development (GO:0043010)	197	9	1.04	+	8.63	1.05e-06	0.000289	GO:0043010	camera-type eye development	8.63	True
eye development (GO:0001654)	252	11	1.33	+	8.24	9.95e-08	3.04e-05	GO:0001654	eye development	8.24	True
visual system development (GO:0150063)	256	11	1.36	+	8.11	1.17e-07	3.49e-05	GO:0150063	visual system development	8.11	True
sensory system development (GO:0048880)	262	11	1.39	+	7.93	1.47e-07	4.31e-05	GO:0048880	sensory system development	7.93	True
sensory perception (GO:0007600)	847	35	4.49	+	7.80	3.75e-22	1.72e-18	GO:0007600	sensory perception	7.8	True
sensory organ morphogenesis (GO:0090596)	153	6	0.81	+	7.40	0.000165	0.0255	GO:0090596	sensory organ morphogenesis	7.4	True
sensory organ development (GO:0007423)	372	13	1.97	+	6.60	8.73e-08	2.73e-05	GO:0007423	sensory organ development	6.6	True
microtubule-based transport (GO:0099111)	204	7	1.08	+	6.48	0.000108	0.0172	GO:0099111	microtubule-based transport	6.48	True
multicellular organismal-level homeostasis (GO:0048871)	462	15	2.45	+	6.13	2.18e-08	7.89e-06	GO:0048871	multicellular organismal-level homeostasis	6.13	True
nervous system process (GO:0050877)	1159	36	6.14	+	5.86	1.01e-18	1.26e-15	GO:0050877	nervous system process	5.86	True
alcohol metabolic process (GO:0006066)	259	8	1.37	+	5.83	7.18e-05	0.0122	GO:0006066	alcohol metabolic process	5.83	True
organelle assembly (GO:0070925)	847	26	4.49	+	5.80	2.28e-13	1.43e-10	GO:0070925	organelle assembly	5.8	True
protein localization to organelle (GO:0033365)	651	18	3.45	+	5.22	9.07e-09	3.37e-06	GO:0033365	protein localization to organelle	5.22	True
plasma membrane bounded cell projection organization (GO:0120036)	990	25	5.24	+	4.77	4.94e-11	2.52e-08	GO:0120036	plasma membrane bounded cell projection organization	4.77	True
cell projection organization (GO:0030030)	996	25	5.28	+	4.74	5.62e-11	2.67e-08	GO:0030030	cell projection organization	4.74	True
detection of stimulus (GO:0051606)	656	14	3.47	+	4.03	9.57e-06	0.00206	GO:0051606	detection of stimulus	4.03	True
system process (GO:0003008)	1798	36	9.52	+	3.78	8.46e-13	4.85e-10	GO:0003008	system process	3.78	True
neuron development (GO:0048666)	672	13	3.56	+	3.65	5.62e-05	0.01	GO:0048666	neuron development	3.65	True
neuron differentiation (GO:0030182)	857	15	4.54	+	3.30	4.58e-05	0.00829	GO:0030182	neuron differentiation	3.3	True
microtubule-based process (GO:0007017)	880	15	4.66	+	3.22	6.18e-05	0.0106	GO:0007017	microtubule-based process	3.22	True
response to abiotic stimulus (GO:0009628)	941	16	4.98	+	3.21	3.54e-05	0.00667	GO:0009628	response to abiotic stimulus	3.21	True
homeostatic process (GO:0042592)	1252	21	6.63	+	3.17	2.2e-06	0.00056	GO:0042592	homeostatic process	3.17	True
generation of neurons (GO:0048699)	913	15	4.84	+	3.10	9.33e-05	0.0151	GO:0048699	generation of neurons	3.1	True
intracellular protein localization (GO:0008104)	1392	21	7.37	+	2.85	1.14e-05	0.0023	GO:0008104	intracellular protein localization	2.85	True
cellular component assembly (GO:0022607)	2544	35	13.47	+	2.60	5.12e-08	1.68e-05	GO:0022607	cellular component assembly	2.6	True
macromolecule localization (GO:0033036)	1806	23	9.57	+	2.40	6.06e-05	0.0106	GO:0033036	macromolecule localization	2.4	True
cellular component biogenesis (GO:0044085)	2762	35	14.63	+	2.39	5.35e-07	0.00015	GO:0044085	cellular component biogenesis	2.39	True
organelle organization (GO:0006996)	2872	33	15.21	+	2.17	9.76e-06	0.00207	GO:0006996	organelle organization	2.17	True
multicellular organismal process (GO:0032501)	5240	57	27.75	+	2.05	2.76e-09	1.09e-06	GO:0032501	multicellular organismal process	2.05	True
localization (GO:0051179)	4111	43	21.77	+	1.97	2.9e-06	0.000699	GO:0051179	localization	1.97	True
cellular component organization (GO:0016043)	5312	46	28.13	+	1.64	0.000244	0.0361	GO:0016043	cellular component organization	1.64	True
cellular process (GO:0009987)	14937	96	79.11	+	1.21	0.000137	0.0217	GO:0009987	cellular process	1.21	True
biological_process (GO:0008150)	17477	106	92.57	+	1.15	4.07e-05	0.00758	GO:0008150	biological_process	1.15	True
response to stress (GO:0006950)	3035	4	16.07	-	.25	0.000339	0.0491	GO:0006950	response to stress	0.25	True
Unclassified (UNCLASSIFIED)	3103	3	16.43	-	.18	4.07e-05	0.00748		Unclassified (UNCLASSIFIED)	0.18	True
