protein	degree	is_RP_seed	component_id	in_largest_component
MERTK	136	True	1	True
PROS1	2	False	1	True
GAS6	2	False	1	True
MVK	94	True	1	True
HMGCR	5	False	1	True
MVD	4	False	1	True
CNGB1	117	True	1	True
CNGA4	3	False	1	True
CNGA1	85	True	1	True
PRPF8	432	True	1	True
LSM8	6	False	1	True
CDC40	6	False	1	True
DDX23	7	False	1	True
EFTUD2	7	False	1	True
TXNL4A	6	False	1	True
SF3B1	7	False	1	True
SF3A3	7	False	1	True
SNRPG	7	False	1	True
SLU7	6	False	1	True
PLRG1	8	False	1	True
SNRPD2	7	False	1	True
PRPF19	8	False	1	True
SNRPD1	7	False	1	True
DHX16	7	False	1	True
SF3B4	8	False	1	True
PRPF6	232	True	1	True
YJU2	4	False	1	True
ISY1-RAB43	3	False	1	True
CWC15	5	False	1	True
RBM22	6	False	1	True
PPIL1	4	False	1	True
CDC5L	6	False	1	True
SF3A2	8	False	1	True
CWC22	7	False	1	True
SNRNP40	7	False	1	True
SF3A1	7	False	1	True
SNRPA1	7	False	1	True
CRNKL1	5	False	1	True
AAR2	7	False	1	True
MFAP1	7	False	1	True
PRPF3	237	True	1	True
SRRM2	7	False	1	True
SF3B2	7	False	1	True
SNW1	7	False	1	True
SF3B3	7	False	1	True
SNRNP200	330	True	1	True
SNRPF	7	False	1	True
PRPF4	153	True	1	True
PRPF31	243	True	1	True
BCAS2	7	False	1	True
BUD31	4	False	1	True
SART1	7	False	1	True
AQR	4	False	1	True
SCLT1	74	True	1	True
CEP83	6	False	1	True
SNRPD3	7	False	1	True
XAB2	6	False	1	True
SNRPB	8	False	1	True
SNRPE	7	False	1	True
DHX38	243	True	1	True
DYNC2H1	103	True	1	True
DYNC2LI1	4	False	1	True
DYNLL1	3	False	1	True
GNAT1	123	True	1	True
RHO	287	True	1	True
PPIH	6	False	1	True
SNU13	6	False	1	True
LSM2	7	False	1	True
LSM7	6	False	1	True
LSM6	6	False	1	True
LSM5	6	False	1	True
LSM4	6	False	1	True
GUCA1A	63	True	1	True
GUCY2D	118	True	1	True
RBMX2	7	False	1	True
CWC27	7	False	1	True
SNIP1	7	False	1	True
PHF5A	7	False	1	True
BUD13	7	False	1	True
CWC25	3	False	1	True
ZMAT2	6	False	1	True
SF3B5	7	False	1	True
RNF113A	7	False	1	True
TTC8	120	True	1	True
BBS2	100	True	1	True
BBS4	16	False	1	True
BBS5	13	False	1	True
BBS1	124	True	1	True
BBS7	14	False	1	True
BBS9	85	True	1	True
IDH3A	164	True	1	True
IDH3G	176	True	1	True
IDH3B	174	True	1	True
BBIP1	7	False	1	True
LSM3	6	False	1	True
DHX8	6	False	1	True
USH2A	147	True	1	True
WHRN	8	False	1	True
SAG	162	True	1	True
ARL2BP	29	True	1	True
ARL2	4	False	1	True
IFT140	128	True	1	True
WDR35	8	False	1	True
WDR19	14	False	1	True
IFT122	12	False	1	True
IFT43	6	False	1	True
TTC21B	12	False	1	True
GRK7	18	False	1	True
GRK1	22	False	1	True
IFT172	123	True	1	True
IFT88	19	False	1	True
IFT80	12	False	1	True
IFT57	12	False	1	True
BCOR	79	True	1	True
PCGF1	1	False	1	True
BCL6	2	False	1	True
ZNF408	33	True	1	True
GPATCH3	2	False	1	True
TRAF3IP1	6	False	1	True
IMPDH1	146	True	1	True
GMPS	5	False	1	True
RPGR	173	True	1	True
RPGRIP1	43	False	1	True
SNRPB2	7	False	1	True
DHDDS	104	True	1	True
NUS1	4	False	1	True
SYF2	4	False	1	True
ISY1	4	False	1	True
CLUAP1	8	False	1	True
IFT46	9	False	1	True
WBP4	6	False	1	True
CD2BP2	7	False	1	True
TMEM216	69	True	1	True
TMEM67	14	False	1	True
IDH2	5	False	1	True
POMGNT1	68	True	1	True
POMT2	1	False	1	True
IFT81	8	False	1	True
COQ2	150	True	1	True
PDSS1	55	True	1	True
POMT1	1	False	1	True
GPKOW	5	False	1	True
ARL3	163	True	1	True
UNC119	10	False	1	True
PDE6G	144	True	1	True
PDE6A	140	True	1	True
ACO2	6	False	1	True
HK1	132	True	1	True
VDAC1	3	False	1	True
HGSNAT	32	True	1	True
NAGLU	2	False	1	True
CC2D2A	88	True	1	True
TCTN1	9	False	1	True
B9D1	10	False	1	True
COQ5	78	True	1	True
COQ7	4	False	1	True
RAB3IP	15	False	1	True
RPE65	118	True	1	True
LRAT	96	True	1	True
PDSS2	5	False	1	True
IFT52	10	False	1	True
B9D2	9	False	1	True
MKS1	13	False	1	True
COQ6	4	False	1	True
PDE6B	178	True	1	True
FBF1	5	False	1	True
CLN3	81	True	1	True
CLN5	1	False	1	True
EIF4A3	5	False	1	True
CEP164	13	False	1	True
UBL5	6	False	1	True
PRPF18	7	False	1	True
CEP290	39	False	1	True
CEP89	5	False	1	True
TCTN2	9	False	1	True
AHI1	108	True	1	True
IDH1	5	False	1	True
IFT20	12	False	1	True
DHX15	7	False	1	True
ADGRV1	8	False	1	True
CALM3	6	False	1	True
GUCA1B	48	False	1	True
UNC119B	3	False	1	True
PRPH2	118	True	1	True
ROM1	48	False	1	True
SMU1	6	False	1	True
COQ3	4	False	1	True
IK	6	False	1	True
PDZD7	5	False	1	True
PRPF38A	8	False	1	True
PCBP1	2	False	1	True
CRB1	13	True	1	True
PATJ	2	False	1	True
IFT27	9	False	1	True
OGDH	4	False	1	True
USP39	7	False	1	True
RBM10	2	False	1	True
RNF2	4	False	1	True
PFKP	3	False	1	True
SNRPN	7	False	1	True
RP2	21	True	1	True
WDR83	1	False	1	True
PMVK	1	False	1	True
TMEM231	7	False	1	True
PDE6D	12	False	1	True
SNRPA	7	False	1	True
ZNF830	2	False	1	True
RING1	1	False	1	True
MLLT3	1	False	1	True
ARR3	18	False	1	True
NPHP1	17	False	1	True
COQ9	6	False	1	True
IFT74	10	False	1	True
TCTN3	6	False	1	True
IFT22	6	False	1	True
DAG1	1	False	1	True
GNB1	7	False	1	True
RLBP1	82	True	1	True
RDH5	15	False	1	True
RBM8A	3	False	1	True
SF3B6	7	False	1	True
ARHGEF18	38	True	1	True
CGN	1	False	1	True
OGDHL	3	False	1	True
USH1C	10	False	1	True
CREB3	102	True	1	True
HCFC1	4	False	1	True
FKTN	2	False	1	True
PFKM	4	False	1	True
COQ4	4	False	1	True
CRX	131	True	1	True
NRL	98	True	1	True
TSSC4	4	False	1	True
IQCB1	26	False	1	True
HSPB11	4	False	1	True
RCVRN	22	False	1	True
TTC26	4	False	1	True
TTC30B	4	False	1	True
PPIE	4	False	1	True
NR0B2	1	False	1	True
COQ8A	4	False	1	True
BBS10	10	False	1	True
MAGOHB	7	False	1	True
RDH12	101	True	1	True
GNAT2	24	False	1	True
ALDH1A3	3	False	1	True
LZTFL1	8	False	1	True
KDM2B	1	False	1	True
FKRP	1	False	1	True
ADRB2	2	False	1	True
CWF19L2	2	False	1	True
RHOA	2	False	1	True
POMGNT2	1	False	1	True
PPT1	1	False	1	True
GPI	5	False	1	True
KLHL7	95	True	1	True
CUL3	3	False	1	True
IMPDH2	2	False	1	True
CASC3	4	False	1	True
MGAT5B	1	False	1	True
RPGRIP1L	26	False	1	True
OFD1	210	True	1	True
NDE1	2	False	1	True
GUCY2F	12	False	1	True
CFAP410	40	True	1	True
NEK1	6	False	1	True
SGSH	2	False	1	True
CREBRF	1	False	1	True
ADSS2	2	False	1	True
GUCA1C	17	False	1	True
TCERG1	3	False	1	True
INPP5E	85	True	1	True
GNGT1	16	False	1	True
ACO1	4	False	1	True
FAM161A	92	True	1	True
CCT2	5	False	1	True
ATIC	2	False	1	True
CLN6	2	False	1	True
HK2	1	False	1	True
COQ8B	54	True	1	True
HK3	1	False	1	True
IMPG1	18	True	1	True
ELOVL4	8	False	1	True
DDX46	7	False	1	True
DYNLRB1	1	False	1	True
PFKL	5	False	1	True
ADSS1	1	False	1	True
RGS9	7	False	1	True
SDCCAG8	12	False	1	True
AIPL1	90	True	1	True
NUB1	2	False	1	True
RDH11	5	False	1	True
FDPS	5	False	1	True
CFAP36	1	False	1	True
HKDC1	1	False	1	True
PRPF4B	6	False	1	True
TTC30A	2	False	1	True
NR2E3	110	True	1	True
CYP26A1	2	False	1	True
CCT5	5	False	1	True
SUCLA2	4	False	1	True
TULP3	7	False	1	True
C9orf78	4	False	1	True
CBX8	1	False	1	True
DYNLL2	2	False	1	True
ALDH1A1	2	False	1	True
TFIP11	7	False	1	True
SMNDC1	4	False	1	True
SNRNP70	6	False	1	True
AMPD2	1	False	1	True
SART3	7	False	1	True
RDH10	4	False	1	True
GGPS1	5	False	1	True
BBS12	11	False	1	True
NPHP4	16	False	1	True
CLN8	1	False	1	True
TMEM107	3	False	1	True
AMPD3	1	False	1	True
CREB3L2	1	False	1	True
RUVBL1	3	False	1	True
PPWD1	3	False	1	True
ALDH1A2	2	False	1	True
PPIG	5	False	1	True
DYNC1I1	1	False	1	True
CALML4	7	False	1	True
CALML6	7	False	1	True
TXNL4B	6	False	1	True
RBM42	6	False	1	True
RYBP	1	False	1	True
CREB3L4	1	False	1	True
DYNC1I2	1	False	1	True
NCALD	2	False	1	True
NCBP2	4	False	1	True
EPB41L4B	1	False	1	True
RAB8A	15	False	1	True
RDH8	7	False	1	True
PCGF2	1	False	1	True
BMI1	1	False	1	True
ARRB1	2	False	1	True
ITPA	6	False	1	True
YAF2	1	False	1	True
PHC1	1	False	1	True
CBX4	1	False	1	True
TMEM17	5	False	1	True
ARL13B	16	False	1	True
HPRT1	4	False	1	True
CREB1	1	False	1	True
KIAA1549	61	True	1	True
BRAF	1	False	1	True
NT5E	4	False	1	True
TOPORS	124	True	1	True
TP53	3	False	1	True
MFSD8	2	False	1	True
POC1B	7	False	1	True
FDFT1	4	False	1	True
PPIL2	4	False	1	True
CLRN1	58	True	1	True
MYO7A	11	False	1	True
SPATA7	74	True	1	True
STK11	2	False	1	True
RBP1	5	False	1	True
MPI	1	False	1	True
ATF2	2	False	1	True
FNTB	2	False	1	True
DHRS3	2	False	1	True
FBP1	1	False	1	True
BCO1	2	False	1	True
RETSAT	3	False	1	True
TULP1	81	True	1	True
EP300	1	False	1	True
ARL6	23	True	1	True
DYNC1LI2	1	False	1	True
SRSF1	7	False	1	True
MAGOH	3	False	1	True
SRRM1	5	False	1	True
CDH23	6	False	1	True
B4GALT1	1	False	1	True
RDH16	2	False	1	True
GNAI1	4	False	1	True
DYNC1LI1	1	False	1	True
PGM2	2	False	1	True
CREBZF	1	False	1	True
SNRNP27	6	False	1	True
ARRB2	2	False	1	True
TPMT	1	False	1	True
PIP5K1B	1	False	1	True
RUVBL2	4	False	1	True
RP1L1	67	True	1	True
MSRA	1	False	1	True
GNPDA1	1	False	1	True
DHRS9	2	False	1	True
FNTA	4	False	1	True
G6PC3	1	False	1	True
INPP4A	1	False	1	True
DDX39B	7	False	1	True
H6PD	6	False	1	True
CBX2	1	False	1	True
G6PC2	1	False	1	True
NT5C	4	False	1	True
PMM2	2	False	1	True
PPARGC1A	4	False	1	True
ATF4	1	False	1	True
POC5	3	False	1	True
GNPNAT1	1	False	1	True
SNRPC	7	False	1	True
CEP250	85	True	1	True
NIN	8	False	1	True
B4GALT3	1	False	1	True
PIP5K1C	1	False	1	True
ALDOA	3	False	1	True
TOP1	3	False	1	True
GNPDA2	1	False	1	True
SORD	4	False	1	True
RBX1	1	False	1	True
INPP4B	1	False	1	True
G6PD	3	False	1	True
NT5C2	4	False	1	True
ADPGK	1	False	1	True
OCRL	2	False	1	True
UBIAD1	4	False	1	True
TMEM138	4	False	1	True
HOOK1	1	False	1	True
GFPT1	1	False	1	True
NT5M	4	False	1	True
NCBP1	4	False	1	True
NEK2	1	False	1	True
PDE5A	3	False	1	True
INPP5B	1	False	1	True
RNF139	1	False	1	True
PCGF6	1	False	1	True
CREB5	1	False	1	True
CACTIN	4	False	1	True
GFPT2	1	False	1	True
GNB2	5	False	1	True
DGAT1	3	False	1	True
B4GALT2	1	False	1	True
SUCLG1	4	False	1	True
PIP4P2	1	False	1	True
GMPR	4	False	1	True
SYNJ2	1	False	1	True
PMM1	1	False	1	True
PCM1	9	False	1	True
RD3	19	False	1	True
DLST	4	False	1	True
PHC2	1	False	1	True
PHC3	2	False	1	True
PCDH15	7	False	1	True
USH1G	10	False	1	True
DYNC1H1	3	False	1	True
PIP4K2A	1	False	1	True
CRTC2	1	False	1	True
ATF6B	1	False	1	True
HAP1	1	False	1	True
EAPP	3	False	1	True
PIP4K2C	1	False	1	True
CS	7	False	1	True
KHK	1	False	1	True
U2AF2	6	False	1	True
CYP27C1	2	False	1	True
HCFC2	2	False	1	True
PPEF1	1	False	1	True
NT5C1A	4	False	1	True
CREM	1	False	1	True
GNB4	5	False	1	True
KLHL9	1	False	1	True
ATXN7	4	False	1	True
PTEN	2	False	1	True
ARMC7	2	False	1	True
SDR16C5	1	False	1	True
HSD17B6	2	False	1	True
WDR5	1	False	1	True
DHRS4	1	False	1	True
CDC16	3	False	1	True
ENC1	1	False	1	True
GAN	1	False	1	True
WDR70	3	False	1	True
HMGCS1	2	False	1	True
SYNJ1	2	False	1	True
PIP5K1A	1	False	1	True
PCGF3	1	False	1	True
LGALS3	3	False	1	True
ADH5	1	False	1	True
CRB2	1	False	1	True
MAPK1	1	False	1	True
PIP4P1	1	False	1	True
CFAP20	60	True	1	True
TBP	1	False	1	True
ADH4	2	False	1	True
GCK	1	False	1	True
CDHR1	66	True	1	True
PROM1	32	False	1	True
KLHL13	1	False	1	True
KLHL12	2	False	1	True
CREBBP	1	False	1	True
SSTR3	6	False	1	True
GUK1	6	False	1	True
KLHL20	1	False	1	True
KLHL21	1	False	1	True
KEAP1	2	False	1	True
KBTBD8	1	False	1	True
MAPK3	2	False	1	True
NT5C1B	4	False	1	True
PACRG	2	False	1	True
LARGE1	1	False	1	True
AOX1	1	False	1	True
KLHL3	1	False	1	True
GALM	1	False	1	True
PIK3C2A	2	False	1	True
KLHL25	1	False	1	True
DNAJC5	2	False	1	True
ADH1B	1	False	1	True
KLHL42	1	False	1	True
PIP4K2B	1	False	1	True
RBP2	3	False	1	True
KLHL41	4	False	1	True
GAA	1	False	1	True
PIK3C2B	1	False	1	True
KLHL8	1	False	1	True
KLHL22	1	False	1	True
BRCC3	1	False	1	True
GRK2	3	False	1	True
PNPLA4	2	False	1	True
MCRS1	2	False	1	True
LZTR1	1	False	1	True
GSK3B	1	False	1	True
CYP4V2	49	True	1	True
POR	1	False	1	True
FKBP1A	2	False	1	True
TPP1	1	False	1	True
GLUD1	4	False	1	True
MCHR1	5	False	1	True
ANAPC4	1	False	1	True
ENTPD6	4	False	1	True
SRP54	1	False	1	True
GNG2	5	False	1	True
GOT2	3	False	1	True
ANAPC2	1	False	1	True
CROCC	2	False	1	True
LCA5	28	False	1	True
CALM2	1	False	1	True
EFHC1	1	False	1	True
BABAM2	1	False	1	True
APRT	4	False	1	True
ALDOC	1	False	1	True
PIP5KL1	1	False	1	True
KBTBD6	1	False	1	True
SPOPL	1	False	1	True
SPOP	1	False	1	True
CUL7	3	False	1	True
CDC27	1	False	1	True
PELP1	1	False	1	True
ENPP1	4	False	1	True
ENPP3	4	False	1	True
ENTPD5	4	False	1	True
CDC23	1	False	1	True
FRG1	3	False	1	True
INPP5F	1	False	1	True
CANT1	4	False	1	True
RP9	46	False	1	True
VEZT	2	False	1	True
NUDT2	1	False	1	True
RXYLT1	1	False	1	True
DBR1	1	False	1	True
OPN4	10	False	1	True
AIP	2	False	1	True
BARD1	1	False	1	True
DYNLT1	2	False	1	True
DLD	3	False	1	True
BRCA1	4	False	1	True
KCTD17	1	False	1	True
BAX	1	False	1	True
UBE2S	1	False	1	True
GLUD2	3	False	1	True
TAF1	1	False	1	True
CHD8	1	False	1	True
UBE2C	1	False	1	True
CAMK4	1	False	1	True
PIK3C2G	1	False	1	True
ENTPD3	5	False	1	True
PKM	6	False	1	True
ANAPC11	1	False	1	True
ABCA4	48	False	1	True
CTH	1	False	1	True
ANAPC7	1	False	1	True
NT5C3A	4	False	1	True
PHF20	1	False	1	True
KAT8	1	False	1	True
ANAPC1	1	False	1	True
LAS1L	1	False	1	True
C17orf49	1	False	1	True
TAF6	1	False	1	True
KMT2A	1	False	1	True
ZSWIM8	1	False	1	True
ANAPC5	1	False	1	True
KBTBD7	1	False	1	True
MEPCE	4	False	1	True
NUDT16	1	False	1	True
TAF9	1	False	1	True
ANAPC10	1	False	1	True
GLB1	2	False	1	True
PSME3IP1	2	False	1	True
NINL	6	False	1	True
KANSL1	1	False	1	True
NT5C3B	4	False	1	True
RPS6KA5	1	False	1	True
ECD	2	False	1	True
TEX10	1	False	1	True
KCTD13	1	False	1	True
TNFAIP1	1	False	1	True
ANAPC16	1	False	1	True
ANAPC13	1	False	1	True
MGA	1	False	1	True
RBBP5	1	False	1	True
MAX	1	False	1	True
UBE2I	1	False	1	True
INO80C	1	False	1	True
TAF7	1	False	1	True
ANAPC15	1	False	1	True
TAF4	2	False	1	True
CDC26	1	False	1	True
SENP3	1	False	1	True
E2F6	1	False	1	True
SCNM1	2	False	1	True
GANC	1	False	1	True
RBM48	2	False	1	True
CRIPT	2	False	1	True
PRKRIP1	3	False	1	True
FAM32A	3	False	1	True
PSMD3	1	False	1	True
ENTPD1	5	False	1	True
ENTPD4	4	False	1	True
EFHB	1	False	1	True
KLHDC2	1	False	1	True
SKP1	1	False	1	True
KIF3A	13	False	1	True
RBP3	51	True	1	True
CLUL1	2	False	1	True
CCDC28B	6	False	1	True
KIAA0753	3	False	1	True
EFHC2	1	False	1	True
IDI1	4	False	1	True
NDUFV1	5	False	1	True
RPP38	5	False	1	True
FAM131B	1	False	1	True
ASCC3	6	False	1	True
APTX	4	False	1	True
ENKUR	1	False	1	True
HMGCL	5	False	1	True
DDX5	3	False	1	True
PLK1	4	False	1	True
ACAT1	1	False	1	True
BEST1	97	True	1	True
DYNLT3	1	False	1	True
DYNLRB2	1	False	1	True
WDR25	3	False	1	True
KCNIP3	1	False	1	True
PDE6C	23	False	1	True
POMK	2	False	1	True
HM13	1	False	1	True
IDI2	4	False	1	True
FIZ1	4	False	1	True
ATF1	1	False	1	True
EEF2	8	False	1	True
TBC1D32	20	True	1	True
FAM149B1	2	False	1	True
GRK3	3	False	1	True
GTF2B	1	False	1	True
CEP162	67	True	1	True
TPRX1	1	False	1	True
USP4	3	False	1	True
ALYREF	3	False	1	True
ACAT2	1	False	1	True
PRCD	61	True	1	True
SMO	12	False	1	True
ZNF239	1	False	1	True
CNTLN	5	False	1	True
ARF4	4	False	1	True
TKT	4	False	1	True
TKTL1	3	False	1	True
TALDO1	2	False	1	True
SRRT	3	False	1	True
TMEM237	6	False	1	True
HFM1	5	False	1	True
TKTL2	2	False	1	True
SRRM3	3	False	1	True
RASA1	1	False	1	True
DHX9	5	False	1	True
MBTPS2	2	False	1	True
CNGB3	30	False	1	True
CNGA3	25	False	1	True
SRC	3	False	1	True
ALS2	1	False	1	True
GOT1	3	False	1	True
LEPR	2	False	1	True
CGNL1	1	False	1	True
MBTPS1	1	False	1	True
GNB3	10	False	1	True
ROCK2	2	False	1	True
CDS2	1	False	1	True
CDS1	4	False	1	True
GRK5	2	False	1	True
SUMO1	1	False	1	True
ALDOB	1	False	1	True
HMGCLL1	5	False	1	True
SYS1	1	False	1	True
HSP90AA1	7	False	1	True
MLLT1	1	False	1	True
TBCC	1	False	1	True
TUBB4B	2	False	1	True
KIN	2	False	1	True
TUT1	3	False	1	True
CTNNBL1	5	False	1	True
SDE2	3	False	1	True
ASL	3	False	1	True
RAN	1	False	1	True
PDE2A	2	False	1	True
WBP11	6	False	1	True
WDR53	5	False	1	True
HPD	1	False	1	True
FH	5	False	1	True
PPP1R9B	1	False	1	True
LSM10	6	False	1	True
DAW1	5	False	1	True
SOX7	1	False	1	True
MDH2	4	False	1	True
PARK7	4	False	1	True
U2AF1	6	False	1	True
ALDH5A1	4	False	1	True
TUBA1A	2	False	1	True
SQLE	4	False	1	True
EPHX2	1	False	1	True
CCDC14	2	False	1	True
CERKL	79	True	1	True
EYS	74	True	1	True
IMPG2	55	True	1	True
TFPT	1	False	1	True
PDHB	3	False	1	True
HPDL	1	False	1	True
AHR	1	False	1	True
ATP5F1A	4	False	1	True
GTPBP4	2	False	1	True
GPT	3	False	1	True
SUCLG2	6	False	1	True
SSR4	1	False	1	True
SDHA	6	False	1	True
C19orf54	6	False	1	True
SRSF4	3	False	1	True
ASAP1	2	False	1	True
TCOF1	1	False	1	True
DBT	4	False	1	True
CEP131	3	False	1	True
PEX19	1	False	1	True
KLHDC1	1	False	1	True
CACNA1F	16	False	1	True
MTREX	4	False	1	True
PCGF5	1	False	1	True
F11R	1	False	1	True
SLC4A7	144	True	1	True
PCNT	7	False	1	True
CFAP161	1	False	1	True
GPT2	4	False	1	True
SRSF5	4	False	1	True
SRSF6	2	False	1	True
SRSF2	5	False	1	True
AKR1B1	2	False	1	True
CIR1	2	False	1	True
NPHP3	16	False	1	True
DRD2	1	False	1	True
HDAC3	1	False	1	True
ADSL	4	False	1	True
NME7	3	False	1	True
KIZ	19	True	1	True
TCERG1L	2	False	1	True
PAPOLA	1	False	1	True
PCARE	65	True	1	True
CCT7	3	False	1	True
NDUFS2	5	False	1	True
SNRNP48	3	False	1	True
TSPAN12	2	False	1	True
ABL1	1	False	1	True
SH3YL1	1	False	1	True
PTCH1	3	False	1	True
PQBP1	5	False	1	True
TTC21A	3	False	1	True
FSCN2	42	False	1	True
RIMKLB	3	False	1	True
NIT2	3	False	1	True
MOCS1	1	False	1	True
SLC66A1	11	True	1	True
CTNS	2	False	1	True
CNTRL	3	False	1	True
CTSD	2	False	1	True
NXNL1	8	False	1	True
PDE6H	19	False	1	True
B3GALNT2	2	False	1	True
SH3BGRL	1	False	1	True
LRRC45	3	False	1	True
ACAA2	1	False	1	True
DHCR7	3	False	1	True
CBX7	1	False	1	True
TEKT1	1	False	1	True
CFAP52	1	False	1	True
GUF1	2	False	1	True
CLCC1	30	True	1	True
COX11	4	False	1	True
MYRF	2	False	1	True
HSPA4	3	False	1	True
FLVCR1	43	True	1	True
HPX	1	False	1	True
PPRC1	3	False	1	True
PPIA	2	False	1	True
GFM1	8	False	1	True
UBE2D1	1	False	1	True
GALK1	1	False	1	True
PFKFB3	1	False	1	True
GNGT2	11	False	1	True
PDC	10	False	1	True
OPN1SW	16	False	1	True
COPS5	6	False	1	True
RIBC2	1	False	1	True
NPY2R	1	False	1	True
DDB1	2	False	1	True
GNB5	7	False	1	True
WDPCP	7	False	1	True
PABPN1	2	False	1	True
RIC8A	1	False	1	True
PITPNM3	9	False	1	True
KIAA1217	1	False	1	True
UPF3B	1	False	1	True
MYO15A	2	False	1	True
CFAP126	1	False	1	True
DLAT	4	False	1	True
SPAG8	1	False	1	True
CFAP53	1	False	1	True
PPIL3	3	False	1	True
AKR1B10	1	False	1	True
TEKT2	1	False	1	True
MNS1	1	False	1	True
UQCRFS1	4	False	1	True
C2CD3	9	False	1	True
COX15	3	False	1	True
SREBF2	1	False	1	True
INVS	9	False	1	True
CCP110	7	False	1	True
MFGE8	1	False	1	True
RAB11A	11	False	1	True
RAB7A	2	False	1	True
HSP90AB1	6	False	1	True
SRSF3	2	False	1	True
TEKT3	1	False	1	True
LSS	4	False	1	True
SDHB	3	False	1	True
ACAD9	1	False	1	True
HTT	1	False	1	True
EFL1	6	False	1	True
SRSF9	2	False	1	True
ATP5F1C	3	False	1	True
FUS	4	False	1	True
NNT	3	False	1	True
RAX2	55	True	1	True
LRMDA	7	False	1	True
GCFC2	4	False	1	True
GLYCTK	1	False	1	True
SRSF7	4	False	1	True
NKAP	4	False	1	True
NSDHL	1	False	1	True
SRSF11	1	False	1	True
PDE4A	1	False	1	True
NME3	5	False	1	True
SRP68	1	False	1	True
GUCY1B1	3	False	1	True
RSPH4A	2	False	1	True
CCDC12	2	False	1	True
RCBTB1	36	True	1	True
ZNF513	44	False	1	True
DRAP1	1	False	1	True
IL4I1	3	False	1	True
CIB2	4	False	1	True
GCH1	1	False	1	True
CACNG2	1	False	1	True
GNAQ	3	False	1	True
ESCO1	1	False	1	True
TIGAR	1	False	1	True
NEK10	1	False	1	True
RAB7B	1	False	1	True
VSX2	10	False	1	True
ESCO2	1	False	1	True
FAM166C	1	False	1	True
DOLK	3	False	1	True
OPN1MW	12	False	1	True
FCSK	1	False	1	True
DNAI1	3	False	1	True
MAK	29	True	1	True
MCM3	1	False	1	True
DERA	1	False	1	True
TAF4B	1	False	1	True
SRP19	1	False	1	True
SRP9	1	False	1	True
RILP	1	False	1	True
EVC	4	False	1	True
FAM183A	1	False	1	True
FAM166B	1	False	1	True
CLTCL1	4	False	1	True
C11orf1	1	False	1	True
SPACA9	1	False	1	True
C5orf49	1	False	1	True
CFAP77	1	False	1	True
MEGF10	1	False	1	True
TBK1	2	False	1	True
GNS	1	False	1	True
JAK2	2	False	1	True
HSPE1	2	False	1	True
GUCY2C	5	False	1	True
PPP3CB	1	False	1	True
CLTC	3	False	1	True
PPAT	1	False	1	True
CA2	3	False	1	True
BCKDHB	3	False	1	True
CABP1	2	False	1	True
NUDCD3	1	False	1	True
ATXN7L2	4	False	1	True
KCTD3	1	False	1	True
GRK4	2	False	1	True
RNPC3	6	False	1	True
CTPS1	2	False	1	True
SLC37A3	18	True	1	True
ATRAID	1	False	1	True
ATXN7L1	4	False	1	True
SEMA4A	36	False	1	True
AGTR1	2	False	1	True
CDC6	1	False	1	True
TPM3	2	False	1	True
MCM2	1	False	1	True
GMPPB	2	False	1	True
MEF2D	1	False	1	True
HIGD1C	3	False	1	True
SNAPC4	1	False	1	True
TPI1	5	False	1	True
FPR1	1	False	1	True
TIMM44	2	False	1	True
ORC3	1	False	1	True
ZGPAT	4	False	1	True
RPS20	2	False	1	True
ORC4	1	False	1	True
NPR2	4	False	1	True
DDX3X	4	False	1	True
ORC5	1	False	1	True
USP7	1	False	1	True
MCM5	1	False	1	True
MCM7	1	False	1	True
GUCY1A2	3	False	1	True
MCM4	1	False	1	True
MCM6	1	False	1	True
CYP51A1	1	False	1	True
ORC2	1	False	1	True
CDT1	1	False	1	True
MKLN1	2	False	1	True
GUCY1A1	3	False	1	True
TM7SF2	1	False	1	True
KCNG4	1	False	1	True
NEDD4L	1	False	1	True
RNF25	1	False	1	True
SUFU	3	False	1	True
CCT8	5	False	1	True
RABIF	6	False	1	True
MMAB	1	False	1	True
RSPH9	2	False	1	True
TUBG1	3	False	1	True
MRRF	1	False	1	True
BLOC1S2	1	False	1	True
MKKS	5	False	1	True
TOX3	1	False	1	True
DOLPP1	2	False	1	True
ADCY3	4	False	1	True
MX1	2	False	1	True
PFKFB2	1	False	1	True
SH3BGR	1	False	1	True
SLC24A1	48	True	1	True
ADGRL2	2	False	1	True
GART	4	False	1	True
KLHL40	3	False	1	True
ADCY5	3	False	1	True
CPLANE1	6	False	1	True
DPM3	2	False	1	True
ZNHIT2	4	False	1	True
OPRM1	2	False	1	True
NPR1	5	False	1	True
GNG4	5	False	1	True
CYC1	7	False	1	True
SLC7A14	18	True	1	True
FRRS1L	1	False	1	True
KMO	2	False	1	True
AP1G1	4	False	1	True
KLHL24	1	False	1	True
PRKCA	4	False	1	True
GNG11	5	False	1	True
TRIM32	5	False	1	True
CLCN6	2	False	1	True
WNT11	6	False	1	True
GNAO1	6	False	1	True
UQCRC1	4	False	1	True
PDE9A	2	False	1	True
PFKFB1	1	False	1	True
JUN	3	False	1	True
HSD17B7	2	False	1	True
TRNAU1AP	3	False	1	True
PDHX	3	False	1	True
PPT2	1	False	1	True
EVPL	1	False	1	True
AKAP9	1	False	1	True
NEUROD1	3	False	1	True
NMT1	1	False	1	True
PLCD1	1	False	1	True
C6orf52	3	False	1	True
PFKFB4	1	False	1	True
ADCY6	3	False	1	True
GPR161	3	False	1	True
TUBA3D	1	False	1	True
DNAAF2	2	False	1	True
PTBP1	1	False	1	True
ADCY7	3	False	1	True
PI4KA	1	False	1	True
SBDS	2	False	1	True
HNRNPC	5	False	1	True
SGCB	1	False	1	True
RBM41	5	False	1	True
ADGRL1	1	False	1	True
MGAT4B	1	False	1	True
USP15	2	False	1	True
CRB3	1	False	1	True
TUBB2A	2	False	1	True
BUB1B	1	False	1	True
RGS9BP	16	False	1	True
KLHL2	1	False	1	True
GCDH	2	False	1	True
VDAC3	1	False	1	True
PRKN	3	False	1	True
GNA12	4	False	1	True
ADGRL3	2	False	1	True
HDAC6	3	False	1	True
SPIN1	1	False	1	True
PI4KB	2	False	1	True
AGRN	1	False	1	True
NMT2	1	False	1	True
METAP2	1	False	1	True
CENPJ	4	False	1	True
METAP1	1	False	1	True
CEP135	4	False	1	True
GPR119	1	False	1	True
SC5D	2	False	1	True
PDHA1	6	False	1	True
SLC25A3	1	False	1	True
HNRNPM	4	False	1	True
TARDBP	5	False	1	True
CNOT1	1	False	1	True
OTX2	8	False	1	True
PDE11A	1	False	1	True
TUBB3	1	False	1	True
PDE10A	1	False	1	True
CCT3	5	False	1	True
DDX42	4	False	1	True
CPSF7	2	False	1	True
TUBGCP6	2	False	1	True
RANBP2	7	False	1	True
DNAAF1	2	False	1	True
RBM39	6	False	1	True
SLC9A1	1	False	1	True
LSP1	1	False	1	True
MINPP1	1	False	1	True
HACL1	3	False	1	True
TPR	3	False	1	True
TUBA1C	1	False	1	True
SF1	7	False	1	True
TBL1X	3	False	1	True
ODF2	4	False	1	True
TUBA8	1	False	1	True
TUBA1B	2	False	1	True
COQ10A	4	False	1	True
TUBA4A	2	False	1	True
AKT1	4	False	1	True
TUBB6	1	False	1	True
ERMARD	1	False	1	True
NDUFA9	7	False	1	True
HNRNPA1	4	False	1	True
TJP1	5	False	1	True
DHCR24	1	False	1	True
LRRC8A	1	False	1	True
RAC2	4	False	1	True
DHTKD1	3	False	1	True
ATG7	2	False	1	True
LARGE2	1	False	1	True
TUBGCP4	2	False	1	True
COQ10B	4	False	1	True
TUBB2B	1	False	1	True
TUBB1	1	False	1	True
TUBB8	1	False	1	True
TUBB	1	False	1	True
PKD1	7	False	1	True
ADRB1	2	False	1	True
TUBB4A	1	False	1	True
GNG7	5	False	1	True
SLC2A3	1	False	1	True
ADCY8	3	False	1	True
SRD5A3	1	False	1	True
ADCY9	3	False	1	True
GNG13	5	False	1	True
SREBF1	1	False	1	True
TYRO3	2	False	1	True
REEP6	42	True	1	True
REEP5	1	False	1	True
PDE3A	1	False	1	True
ATP5PB	3	False	1	True
FZD4	5	False	1	True
SEC63	2	False	1	True
GLMN	3	False	1	True
GNG10	5	False	1	True
MZT1	1	False	1	True
PPEF2	1	False	1	True
ETFDH	4	False	1	True
RGR	15	False	1	True
GPR52	1	False	1	True
PDE3B	1	False	1	True
TIMP3	2	False	1	True
PI4K2A	1	False	1	True
B4GAT1	1	False	1	True
KCTD7	1	False	1	True
RIMS1	8	False	1	True
LUC7L2	2	False	1	True
NYX	6	False	1	True
ADCY2	3	False	1	True
LAMA2	1	False	1	True
VANGL2	3	False	1	True
CEP78	7	False	1	True
GRK6	2	False	1	True
PDCD6	1	False	1	True
CEP128	3	False	1	True
SLC48A1	1	False	1	True
ACKR3	1	False	1	True
ADCY1	3	False	1	True
NUFIP1	1	False	1	True
NRXN2	1	False	1	True
PPP4R2	1	False	1	True
SNX4	1	False	1	True
RAD51	2	False	1	True
MSMO1	2	False	1	True
KCTD10	1	False	1	True
PEF1	1	False	1	True
SDR9C7	6	False	1	True
ANO5	1	False	1	True
TUBGCP5	1	False	1	True
CSPP1	4	False	1	True
MZT2B	1	False	1	True
MZT2A	1	False	1	True
DNM2	1	False	1	True
HMGA1	1	False	1	True
MARK4	1	False	1	True
MGAT4A	1	False	1	True
DPM2	2	False	1	True
SLC46A1	1	False	1	True
BCKDHA	3	False	1	True
ADGRD1	1	False	1	True
ADCK2	4	False	1	True
DPM1	3	False	1	True
LDHA	4	False	1	True
ILVBL	3	False	1	True
PIBF1	3	False	1	True
RGS11	4	False	1	True
KIFC3	4	False	1	True
GLIS2	1	False	1	True
HSPA9	4	False	1	True
GPR141	1	False	1	True
ALMS1	10	False	1	True
EXOSC10	2	False	1	True
UQCRC2	2	False	1	True
HTATSF1	7	False	1	True
ARAF	3	False	1	True
AK9	1	False	1	True
DR1	1	False	1	True
PDE1B	1	False	1	True
WDR90	3	False	1	True
NOLC1	1	False	1	True
SOCS1	1	False	1	True
GNG3	5	False	1	True
EPRS1	5	False	1	True
DDX41	5	False	1	True
TTBK2	3	False	1	True
GNG5	5	False	1	True
MGAT5	1	False	1	True
CDKN2A	3	False	1	True
TTC27	2	False	1	True
GAPDH	4	False	1	True
RHOB	1	False	1	True
ZNF212	2	False	1	True
NDOR1	1	False	1	True
AKAP7	2	False	1	True
AXL	2	False	1	True
C19orf44	11	True	1	True
PROSER3	1	False	1	True
CABP4	21	False	1	True
HNRNPA3	2	False	1	True
AKT3	1	False	1	True
QKI	1	False	1	True
NEDD8	1	False	1	True
OPN1LW	10	False	1	True
CNOT3	1	False	1	True
KRAS	2	False	1	True
GNG12	5	False	1	True
PRKACA	5	False	1	True
ALDH7A1	5	False	1	True
AGBL5	23	True	1	True
TTLL6	1	False	1	True
FCGR1A	1	False	1	True
PRKACB	4	False	1	True
ARRDC3	1	False	1	True
PI4K2B	1	False	1	True
SDHD	3	False	1	True
PDE1C	1	False	1	True
PDE1A	1	False	1	True
ILF3	2	False	1	True
GNG8	5	False	1	True
PIK3R2	1	False	1	True
APOE	3	False	1	True
RPAP3	1	False	1	True
POLDIP3	2	False	1	True
RCBTB2	1	False	1	True
KLRF1	1	False	1	True
RPL5	3	False	1	True
CHMP3	4	False	1	True
FASN	4	False	1	True
PITPNM1	6	False	1	True
ACAA1	1	False	1	True
PATL1	2	False	1	True
CRPPA	2	False	1	True
HAUS5	3	False	1	True
NDUFA10	3	False	1	True
RBMX	3	False	1	True
RS1	7	False	1	True
BCORL1	1	False	1	True
SLC39A8	1	False	1	True
SCIN	2	False	1	True
THOC2	4	False	1	True
GABARAP	1	False	1	True
PLCB1	2	False	1	True
CEP120	8	False	1	True
BANF1	1	False	1	True
SEMA4B	1	False	1	True
KIAA0586	8	False	1	True
SMC3	1	False	1	True
GSN	2	False	1	True
DHX34	3	False	1	True
TTLL4	1	False	1	True
PJVK	1	False	1	True
STRC	3	False	1	True
RBM25	4	False	1	True
PKD2	9	False	1	True
SLC12A2	1	False	1	True
CLASRP	1	False	1	True
UBE2E1	1	False	1	True
DHX35	3	False	1	True
PRPF40A	3	False	1	True
SGCG	1	False	1	True
COIL	4	False	1	True
GLI3	4	False	1	True
GNA15	2	False	1	True
AKT2	2	False	1	True
DHX32	4	False	1	True
PGK1	3	False	1	True
BCS1L	3	False	1	True
CXCR4	2	False	1	True
AP2B1	1	False	1	True
HADHB	4	False	1	True
CYP26B1	3	False	1	True
CD163	1	False	1	True
SSX2IP	2	False	1	True
OTC	2	False	1	True
ATOH7	4	False	1	True
PRKCG	2	False	1	True
CAMK2B	3	False	1	True
PIK3R1	1	False	1	True
HUWE1	2	False	1	True
ADCY10	3	False	1	True
ERBB2	1	False	1	True
CEP72	2	False	1	True
HNRNPU	5	False	1	True
DPAGT1	1	False	1	True
ABCB10	1	False	1	True
PLCG1	1	False	1	True
PIK3R3	1	False	1	True
AGPAT1	1	False	1	True
OPTC	3	False	1	True
ANO2	2	False	1	True
CTSF	1	False	1	True
PLCB4	1	False	1	True
PRKCB	1	False	1	True
PARD3	2	False	1	True
NMI	1	False	1	True
LHX4	1	False	1	True
MEFV	1	False	1	True
CLCN3	1	False	1	True
PLCB3	1	False	1	True
TIMM17B	2	False	1	True
NR1D1	2	False	1	True
CRABP1	2	False	1	True
CAMK2A	2	False	1	True
NRXN1	1	False	1	True
PRKG1	1	False	1	True
RHOC	1	False	1	True
ARFRP1	1	False	1	True
DMD	1	False	1	True
SCT	1	False	1	True
AGK	1	False	1	True
PPP1R8	6	False	1	True
NECTIN3	1	False	1	True
INSIG1	1	False	1	True
MFRP	5	False	1	True
CETN2	4	False	1	True
SLC9A2	1	False	1	True
ANKRD9	1	False	1	True
EBP	1	False	1	True
MDM2	1	False	1	True
CEP41	7	False	1	True
GLUL	5	False	1	True
PIK3CA	1	False	1	True
CEP170	5	False	1	True
KCNV2	22	False	1	True
PLCD4	1	False	1	True
PLCB2	1	False	1	True
DYSF	1	False	1	True
PNP	1	False	1	True
NR2E1	1	False	1	True
PSTPIP1	1	False	1	True
KIF3B	8	False	1	True
GRB14	1	False	1	True
PLCD3	1	False	1	True
ATP5F1B	4	False	1	True
PIK3CD	1	False	1	True
LRIT3	3	False	1	True
SFSWAP	3	False	1	True
PIK3CB	1	False	1	True
ENO1	6	False	1	True
PRKDC	2	False	1	True
PLCH2	1	False	1	True
NME2	2	False	1	True
NME1	2	False	1	True
NME4	2	False	1	True
NME1-NME2	1	False	1	True
NME6	2	False	1	True
S100B	2	False	1	True
RABEP1	2	False	1	True
RNPS1	6	False	1	True
PLCG2	1	False	1	True
CRYBG3	1	False	1	True
PLCH1	1	False	1	True
GNG14	1	False	1	True
PLCE1	3	False	1	True
USP49	1	False	1	True
HOOK3	2	False	1	True
MSN	1	False	1	True
GALNS	1	False	1	True
EPB41	1	False	1	True
CSMD3	1	False	1	True
SIN3A	1	False	1	True
PLIN2	4	False	1	True
GRM6	8	False	1	True
SERPINA3	1	False	1	True
POU4F2	4	False	1	True
AOC2	4	False	1	True
SAMD7	2	False	1	True
CAMK1D	1	False	1	True
PPP1CA	1	False	1	True
PRKD2	1	False	1	True
ACIN1	5	False	1	True
SUGP1	6	False	1	True
MGAT2	1	False	1	True
SLC2A1	1	False	1	True
NPC2	2	False	1	True
CAMK1	1	False	1	True
LSG1	1	False	1	True
RGS2	2	False	1	True
CAMK1G	1	False	1	True
NF1	1	False	1	True
ATP5MC1	5	False	1	True
LGALS4	2	False	1	True
PRKD3	1	False	1	True
EIF3B	2	False	1	True
PPP1CC	1	False	1	True
RPS6KA4	1	False	1	True
PRKG2	1	False	1	True
PRKD1	1	False	1	True
PPP1CB	2	False	1	True
DNM1	2	False	1	True
PLEKHB1	1	False	1	True
CRABP2	4	False	1	True
NFASC	1	False	1	True
HSPD1	2	False	1	True
MTMR10	1	False	1	True
NME9	1	False	1	True
ELMOD2	1	False	1	True
SOCS3	1	False	1	True
NEK11	1	False	1	True
COX10	4	False	1	True
FXN	3	False	1	True
SMAD5	1	False	1	True
NUP42	2	False	1	True
HAUS1	3	False	1	True
RRH	6	False	1	True
MRPS25	1	False	1	True
ZNF574	1	False	1	True
KIF7	8	False	1	True
LRP5	1	False	1	True
TMIGD2	6	False	1	True
NAA38	6	False	1	True
SPACA6	6	False	1	True
MRPL19	1	False	1	True
AUP1	1	False	1	True
SLC9A3	1	False	1	True
DOCK1	1	False	1	True
AKAP13	1	False	1	True
CHCHD3	1	False	1	True
MATR3	4	False	1	True
SCOC	1	False	1	True
SEMA4C	2	False	1	True
MRPS36	3	False	1	True
NCOR2	3	False	1	True
ARL6IP5	1	False	1	True
NTSR1	3	False	1	True
CX3CR1	2	False	1	True
CDADC1	1	False	1	True
OPTN	4	False	1	True
RPS14	1	False	1	True
CTPS2	2	False	1	True
SMARCC2	1	False	1	True
CD68	1	False	1	True
OPN3	2	False	1	True
NDUFB8	4	False	1	True
CARTPT	1	False	1	True
SIX3	2	False	1	True
IREB2	4	False	1	True
CCDC120	2	False	1	True
CDK5RAP2	2	False	1	True
ACAN	1	False	1	True
HAUS4	3	False	1	True
SLC26A6	1	False	1	True
NPY	1	False	1	True
FAM98A	1	False	1	True
ATP5IF1	1	False	1	True
ENO4	1	False	1	True
PLLP	1	False	1	True
SLC4A8	2	False	1	True
MAP2K1	1	False	1	True
YEATS4	1	False	1	True
SUMO2	2	False	1	True
GGA1	1	False	1	True
DDX3Y	1	False	1	True
NDUFS3	4	False	1	True
HNRNPH2	2	False	1	True
LHX3	1	False	1	True
DDX4	1	False	1	True
KPNA2	2	False	1	True
HMCN1	2	False	1	True
EPB41L5	1	False	1	True
KIF11	2	False	1	True
NDUFS1	4	False	1	True
TBCD	2	False	1	True
COX5B	3	False	1	True
MYO6	2	False	1	True
RP1	8	True	1	True
POT1	2	False	1	True
CHCHD10	2	False	1	True
UBXN7	1	False	1	True
TCP1	6	False	1	True
RORB	2	False	1	True
BCKDK	3	False	1	True
DCTN1	3	False	1	True
RTN3	2	False	1	True
FANCM	1	False	1	True
GDPD3	1	False	1	True
NUDCD1	3	False	1	True
LRIT2	1	False	1	True
HAUS2	4	False	1	True
EIF3G	2	False	1	True
KIAA1143	2	False	1	True
ALB	4	False	1	True
SHH	4	False	1	True
HAUS6	3	False	1	True
PTH1R	1	False	1	True
HIF3A	1	False	1	True
PARS2	1	False	1	True
CEP295	3	False	1	True
MFSD5	1	False	1	True
PIAS3	2	False	1	True
SGCD	1	False	1	True
CCDC103	2	False	1	True
POMC	4	False	1	True
CEP63	3	False	1	True
CCT6A	1	False	1	True
CGAS	1	False	1	True
MIB1	2	False	1	True
NEDD1	1	False	1	True
ATP13A2	1	False	1	True
ECPAS	1	False	1	True
LDHD	2	False	1	True
HTR2B	2	False	1	True
RNF4	2	False	1	True
ZNF740	1	False	1	True
MRPL27	1	False	1	True
PHF11	1	False	1	True
DDX17	3	False	1	True
NOP56	2	False	1	True
SLC8A1	1	False	1	True
MRC1	1	False	1	True
RPL11	2	False	1	True
RAB11FIP3	3	False	1	True
TCAP	1	False	1	True
ARL6IP1	2	False	1	True
IDUA	5	False	1	True
DHX30	4	False	1	True
IFI35	1	False	1	True
INTU	3	False	1	True
ADCK1	4	False	1	True
NME5	1	False	1	True
INPP5A	1	False	1	True
POU2F1	1	False	1	True
NMNAT1	9	False	1	True
CCT6B	1	False	1	True
TTLL5	10	False	1	True
PAX6	8	False	1	True
GCN1	3	False	1	True
CLU	1	False	1	True
ADGRB1	1	False	1	True
SNX15	1	False	1	True
HIF1A	1	False	1	True
CTBP1	6	False	1	True
VSX1	4	False	1	True
IMPA1	2	False	1	True
VIRMA	1	False	1	True
SYNCRIP	1	False	1	True
PPP1R12A	1	False	1	True
LRP1B	1	False	1	True
NCOR1	5	False	1	True
COX5A	4	False	1	True
RNF130	1	False	1	True
SP4	2	False	1	True
HDAC1	1	False	1	True
SDHC	3	False	1	True
NDUFAF6	2	False	1	True
CORO1A	1	False	1	True
STEAP3	2	False	1	True
CALR	1	False	1	True
ZCWPW1	1	False	1	True
DHODH	4	False	1	True
SPIN2B	1	False	1	True
TRIM28	3	False	1	True
MRPS16	1	False	1	True
EIF3I	1	False	1	True
ADCK5	4	False	1	True
IKBKE	1	False	1	True
GNAL	2	False	1	True
ZRSR2	1	False	1	True
XRCC6	1	False	1	True
SENP7	1	False	1	True
SLC25A44	1	False	1	True
BCAP31	1	False	1	True
DHX33	3	False	1	True
FECH	2	False	1	True
MRPL23	1	False	1	True
SLC25A4	4	False	1	True
FXR1	1	False	1	True
GLYATL1	3	False	1	True
ELMO1	1	False	1	True
ADAM9	4	False	1	True
CEP85	1	False	1	True
TREM2	1	False	1	True
CEP350	4	False	1	True
SLC25A6	1	False	1	True
ZCWPW2	1	False	1	True
HRAS	3	False	1	True
ITGAM	1	False	1	True
PLK4	3	False	1	True
TMEM218	2	False	1	True
ZBTB7A	1	False	1	True
ABCB6	1	False	1	True
IFNAR1	1	False	1	True
NEK4	3	False	1	True
NUDCD2	2	False	1	True
KIFAP3	4	False	1	True
PAFAH1B1	2	False	1	True
PSIP1	1	False	1	True
TOMM40	2	False	1	True
PRDM1	2	False	1	True
ATF6	2	False	1	True
SLC25A10	1	False	1	True
CEP97	7	False	1	True
SASS6	3	False	1	True
RUSC1	4	False	1	True
NUP205	2	False	1	True
MITF	4	False	1	True
KCNQ4	1	False	1	True
FAM114A2	1	False	1	True
SEPTIN2	7	False	1	True
TXNIP	1	False	1	True
GCNT1	1	False	1	True
MDFI	1	False	1	True
WFS1	2	False	1	True
THUMPD2	1	False	1	True
WARS1	1	False	1	True
VTN	2	False	1	True
LRRC4C	1	False	1	True
XPO1	2	False	1	True
LUC7L3	6	False	1	True
RUSC2	3	False	1	True
MRPL34	1	False	1	True
FBXO40	4	False	1	True
CEP19	2	False	1	True
CALB1	4	False	1	True
NTRK2	2	False	1	True
CCAR1	6	False	1	True
DAXX	1	False	1	True
GHITM	1	False	1	True
ITGA4	1	False	1	True
MT-CO1	3	False	1	True
H3-3A	1	False	1	True
SLC26A4	2	False	1	True
DDX21	2	False	1	True
EVC2	4	False	1	True
KHDRBS1	1	False	1	True
GNA13	5	False	1	True
DDX1	2	False	1	True
TRIM24	1	False	1	True
HNRNPA2B1	2	False	1	True
UBR4	2	False	1	True
ATP5PD	3	False	1	True
UBA2	1	False	1	True
CDK10	1	False	1	True
CEP152	2	False	1	True
RPL23	1	False	1	True
MAP1LC3B	1	False	1	True
RPN2	1	False	1	True
SETDB2	1	False	1	True
ALAS1	1	False	1	True
SLC25A11	3	False	1	True
CPLX4	2	False	1	True
SLC4A3	1	False	1	True
KAT2A	1	False	1	True
KCNJ13	10	False	1	True
FOSL2	1	False	1	True
TOP1MT	1	False	1	True
ETFA	1	False	1	True
IPO13	1	False	1	True
TNK2	1	False	1	True
LRIT1	1	False	1	True
SEMA3B	1	False	1	True
RAF1	2	False	1	True
OGT	1	False	1	True
PLEK	3	False	1	True
TBC1D31	1	False	1	True
MRPL46	1	False	1	True
TIMM13	1	False	1	True
ZC3H13	3	False	1	True
DNAJC17	3	False	1	True
DNAH10	1	False	1	True
EXOC5	2	False	1	True
POU2F2	1	False	1	True
ADA	1	False	1	True
SLC38A7	1	False	1	True
VWA3A	1	False	1	True
VWA3B	1	False	1	True
EGFLAM	1	False	1	True
AAMP	1	False	1	True
RACK1	2	False	1	True
SRGAP3	1	False	1	True
ARRDC1	1	False	1	True
WDR12	1	False	1	True
MT-CYB	1	False	1	True
GNA14	1	False	1	True
SENP6	1	False	1	True
RPS25	1	False	1	True
GFAP	3	False	1	True
ZC3HAV1	1	False	1	True
MRPS5	2	False	1	True
NLRP3	2	False	1	True
UBE2D3	1	False	1	True
PDK1	1	False	1	True
RBM7	6	False	1	True
LARP7	3	False	1	True
TNFRSF10B	1	False	1	True
GNA11	1	False	1	True
HPCAL1	1	False	1	True
NEDD4	1	False	1	True
FGFR1	1	False	1	True
TUFM	4	False	1	True
LSM1	2	False	1	True
BCO2	1	False	1	True
GNAS	1	False	1	True
DHX36	4	False	1	True
C1QA	1	False	1	True
TUB	5	False	1	True
CBX3	1	False	1	True
TNFRSF1A	1	False	1	True
CENPF	1	False	1	True
MRE11	1	False	1	True
KIF17	6	False	1	True
DNAJC8	6	False	1	True
TBL1XR1	1	False	1	True
ARHGEF1	1	False	1	True
CPOX	1	False	1	True
SCARB2	1	False	1	True
SRGAP2	1	False	1	True
PI15	1	False	1	True
PTPRN2	1	False	1	True
AACS	2	False	1	True
TRNT1	2	False	1	True
SUPT5H	2	False	1	True
EXOC6	2	False	1	True
LRRC8E	2	False	1	True
XRCC5	2	False	1	True
CCT4	6	False	1	True
ITGAX	1	False	1	True
MCM9	1	False	1	True
NDUFA8	2	False	1	True
NPM1	2	False	1	True
NPHS1	2	False	1	True
PML	1	False	1	True
ACLY	6	False	1	True
GRIP1	1	False	1	True
THYN1	1	False	1	True
CD36	1	False	1	True
RAC1	2	False	1	True
ESRRG	1	False	1	True
FRMD6	1	False	1	True
RGS7	4	False	1	True
SOS1	1	False	1	True
SCARB1	1	False	1	True
MYC	3	False	1	True
SLC45A2	1	False	1	True
RGS6	4	False	1	True
CCDC91	1	False	1	True
HNRNPK	2	False	1	True
TRIM27	1	False	1	True
MXRA8	1	False	1	True
PPP4C	1	False	1	True
SLC26A3	1	False	1	True
SLC25A37	1	False	1	True
CCDC18	1	False	1	True
SND1	3	False	1	True
MPDU1	1	False	1	True
CDC20	1	False	1	True
MC5R	1	False	1	True
MRPL22	1	False	1	True
NPR3	2	False	1	True
DHX29	3	False	1	True
TUBE1	2	False	1	True
MPLKIP	1	False	1	True
KPNA6	1	False	1	True
ASXL1	2	False	1	True
EDC4	1	False	1	True
SUGCT	1	False	1	True
LRRC8B	1	False	1	True
ZFHX4	1	False	1	True
VPS35	1	False	1	True
RBP4	1	False	1	True
GDA	1	False	1	True
TTL	1	False	1	True
KCTD2	1	False	1	True
TYR	5	False	1	True
RBM4	2	False	1	True
LPIN2	1	False	1	True
GRPEL1	3	False	1	True
C9orf72	2	False	1	True
KCTD8	1	False	1	True
DDX59	5	False	1	True
MAP3K5	1	False	1	True
TKFC	1	False	1	True
SEMA3F	1	False	1	True
HLA-A	1	False	1	True
CCDC66	1	False	1	True
WDR37	2	False	1	True
HNRNPAB	1	False	1	True
INF2	2	False	1	True
GPR179	3	False	1	True
MT-ND4	2	False	1	True
GNAI2	3	False	1	True
GET4	1	False	1	True
ORC1	1	False	1	True
PAPSS1	1	False	1	True
EXOC4	2	False	1	True
SSTR5	1	False	1	True
SLC40A1	1	False	1	True
GABRR1	1	False	1	True
CANX	2	False	1	True
NFE2L2	1	False	1	True
TIMM17A	2	False	1	True
TIMM23	2	False	1	True
FZR1	3	False	1	True
GCKR	1	False	1	True
POU4F1	3	False	1	True
FSCN1	1	False	1	True
DDX49	1	False	1	True
ISYNA1	1	False	1	True
ACTB	6	False	1	True
PDGFC	1	False	1	True
STAT1	2	False	1	True
TIMM8A	2	False	1	True
NRBP1	1	False	1	True
CHCHD2	2	False	1	True
SLC20A1	2	False	1	True
FOXP4	1	False	1	True
RAD51B	1	False	1	True
SMCR8	1	False	1	True
KPNA5	1	False	1	True
PPOX	1	False	1	True
GPSM2	2	False	1	True
ACADM	1	False	1	True
RAB23	2	False	1	True
GRPEL2	3	False	1	True
CTBP2	7	False	1	True
ZMYM3	1	False	1	True
RTCB	1	False	1	True
KMT2B	1	False	1	True
GNAZ	2	False	1	True
KPNA3	2	False	1	True
KPNA4	2	False	1	True
SP1	1	False	1	True
EXOC3	4	False	1	True
MED1	1	False	1	True
LRRC59	1	False	1	True
SLC36A1	1	False	1	True
KPNA1	1	False	1	True
NEK8	7	False	1	True
GANAB	1	False	1	True
MRPL17	1	False	1	True
FDX2	5	False	1	True
PAICS	1	False	1	True
CHDH	1	False	1	True
KLC4	1	False	1	True
COX17	1	False	1	True
DNAJC19	2	False	1	True
POLR2A	2	False	1	True
MRPL13	1	False	1	True
MRPS12	1	False	1	True
MRPS15	1	False	1	True
SCO1	1	False	1	True
CEP192	3	False	1	True
RSPRY1	2	False	1	True
NUP98	2	False	1	True
ESPN	1	False	1	True
TMEM98	1	False	1	True
LHFPL5	2	False	1	True
LTBR	1	False	1	True
PGM1	1	False	1	True
WDR97	2	False	1	True
GNAI3	3	False	1	True
NEMF	1	False	1	True
NDUFAB1	1	False	1	True
HAUS8	3	False	1	True
NFYB	1	False	1	True
SHMT1	2	False	1	True
SIX6	2	False	1	True
TRA2B	3	False	1	True
KCTD5	1	False	1	True
MYL5	1	False	1	True
AURKA	2	False	1	True
HNRNPD	1	False	1	True
NPPC	1	False	1	True
CHST10	1	False	1	True
ANO1	1	False	1	True
ABHD12	4	False	1	True
FMC1-LUC7L2	1	False	1	True
AFF1	1	False	1	True
LRRC8C	1	False	1	True
MRPL43	1	False	1	True
VPS26A	1	False	1	True
DHX37	3	False	1	True
RPS9	2	False	1	True
RAB28	6	False	1	True
RHOF	1	False	1	True
AGTRAP	1	False	1	True
LHCGR	1	False	1	True
ZPR1	2	False	1	True
NOL6	2	False	1	True
TIMM8B	1	False	1	True
CDR2	1	False	1	True
PRKCZ	1	False	1	True
FLYWCH1	1	False	1	True
FAN1	1	False	1	True
THRB	2	False	1	True
LENG1	2	False	1	True
HOOK2	1	False	1	True
SLC25A13	1	False	1	True
RHOQ	1	False	1	True
GAD2	1	False	1	True
MRPS10	1	False	1	True
HSPG2	2	False	1	True
MRPS11	1	False	1	True
NDUFA2	1	False	1	True
PYROXD2	1	False	1	True
EXOC8	2	False	1	True
MRPL33	1	False	1	True
LRRC8D	1	False	1	True
CCDC40	2	False	1	True
RAB40AL	1	False	1	True
DPYSL3	1	False	1	True
FOS	4	False	1	True
VDAC2	1	False	1	True
MRPL30	1	False	1	True
AS3MT	2	False	1	True
GRB2	2	False	1	True
VPS39	1	False	1	True
TRPV1	3	False	1	True
GABARAPL1	1	False	1	True
KAT5	2	False	1	True
AFF4	1	False	1	True
RARS1	1	False	1	True
ADORA2A	2	False	1	True
DDX39A	2	False	1	True
MTRR	1	False	1	True
NPLOC4	2	False	1	True
NADK	3	False	1	True
GABBR1	1	False	1	True
MRPL47	1	False	1	True
C10orf88	1	False	1	True
INTS6	1	False	1	True
MAFF	1	False	1	True
EXOC2	2	False	1	True
EXOSC2	1	False	1	True
MEN1	1	False	1	True
TIMM9	1	False	1	True
MRPL16	2	False	1	True
GABRR2	1	False	1	True
CPSF6	2	False	1	True
ESRRB	1	False	1	True
EXOC7	2	False	1	True
RTN1	1	False	1	True
TELO2	1	False	1	True
BRD4	3	False	1	True
SPAG1	2	False	1	True
FSD1L	6	True	1	True
TGFBR2	1	False	1	True
UPF1	1	False	1	True
NDUFA4	1	False	1	True
CCDC138	1	False	1	True
CDK11A	2	False	1	True
TM4SF1	1	False	1	True
SSTR2	1	False	1	True
FLNB	1	False	1	True
CYS1	2	False	1	True
ALG6	1	False	1	True
MRPL41	1	False	1	True
ZNHIT3	2	False	1	True
MRPL36	1	False	1	True
GABARAPL2	1	False	1	True
HAUS3	3	False	1	True
RHOH	1	False	1	True
NEUROD4	1	False	1	True
CMTR1	1	False	1	True
MRPS6	1	False	1	True
ZBTB17	1	False	1	True
MDH1B	3	False	1	True
STX3	1	False	1	True
ATP5F1D	3	False	1	True
SYP	2	False	1	True
STARD7	1	False	1	True
PRPS2	2	False	1	True
PIGBOS1	1	False	1	True
BCLAF1	1	False	1	True
NUP88	1	False	1	True
SNX27	2	False	1	True
WDR41	1	False	1	True
PACRGL	1	False	1	True
ZNF638	1	False	1	True
SLC11A2	1	False	1	True
E4F1	1	False	1	True
MRPL40	1	False	1	True
CEBPG	1	False	1	True
NDUFS7	2	False	1	True
PCLO	1	False	1	True
MRPL32	1	False	1	True
FNDC4	1	False	1	True
MRPS35	1	False	1	True
TIMM50	2	False	1	True
MRPL49	1	False	1	True
CHM	2	False	1	True
PUF60	2	False	1	True
GAPDHS	2	False	1	True
ARID4A	2	False	1	True
PRSS56	1	False	1	True
PTPRC	1	False	1	True
RHOJ	1	False	1	True
NEK9	7	False	1	True
MKRN1	1	False	1	True
MPRIP	1	False	1	True
NPPA	1	False	1	True
PFN2	1	False	1	True
CALM1	3	False	1	True
RHOD	1	False	1	True
VCP	4	False	1	True
ASH2L	1	False	1	True
DPY30	1	False	1	True
RIC1	1	False	1	True
UNC13A	1	False	1	True
RPL7A	2	False	1	True
MRPS9	2	False	1	True
NCAN	2	False	1	True
MYBL1	1	False	1	True
SYNE1	1	False	1	True
FDXR	5	False	1	True
ALG5	2	False	1	True
BORCS7	1	False	1	True
BBOX1	1	False	1	True
MRPS14	1	False	1	True
NRAS	1	False	1	True
SLC9A3R1	2	False	1	True
MLNR	1	False	1	True
DIP2C	1	False	1	True
RTN4	1	False	1	True
NOP9	1	False	1	True
UBAP1L	28	True	1	True
HGS	1	False	1	True
MVB12B	1	False	1	True
VPS37D	1	False	1	True
VPS37A	1	False	1	True
UBAP1	1	False	1	True
CHMP4B	1	False	1	True
COPG1	1	False	1	True
POLG	2	False	1	True
UBA1	2	False	1	True
SMARCAL1	3	False	1	True
SLC5A8	1	False	1	True
JDP2	1	False	1	True
SLC25A22	1	False	1	True
STAM2	2	False	1	True
CHMP6	2	False	1	True
EIF2AK4	4	False	1	True
CTNNB1	5	False	1	True
TH	1	False	1	True
OTOG	1	False	1	True
CHMP4C	1	False	1	True
SNF8	1	False	1	True
CHMP4A	1	False	1	True
MVB12A	1	False	1	True
CHMP1A	1	False	1	True
CHMP1B	1	False	1	True
TSG101	2	False	1	True
VPS37C	1	False	1	True
VPS28	1	False	1	True
VPS25	1	False	1	True
GCNT2	1	False	1	True
STAM	2	False	1	True
TUBG2	1	False	1	True
CHMP7	1	False	1	True
TUBGCP2	1	False	1	True
TUBGCP3	1	False	1	True
SYNGR1	1	False	1	True
UEVLD	2	False	1	True
PYGL	1	False	1	True
CHMP2A	2	False	1	True
VPS37B	1	False	1	True
ITSN2	3	False	1	True
ANKRD39	1	False	1	True
VPS36	1	False	1	True
ASB6	1	False	1	True
CHMP2B	1	False	1	True
GATC	1	False	1	True
SLC3A1	1	False	1	True
CNTROB	3	False	1	True
GSR	3	False	1	True
KLC2	1	False	1	True
TTLL1	1	False	1	True
EXOC1	2	False	1	True
PIH1D1	3	False	1	True
PIAS1	1	False	1	True
PYGB	1	False	1	True
SIRPA	1	False	1	True
ARHGAP1	3	False	1	True
KCNJ3	1	False	1	True
WDR24	1	False	1	True
SLC38A9	1	False	1	True
KSR1	1	False	1	True
ADRA1A	1	False	1	True
ALDH18A1	4	False	1	True
DPH3	1	False	1	True
MRPL4	1	False	1	True
GTF3C2	1	False	1	True
PIAS4	1	False	1	True
HNRNPUL2	1	False	1	True
PCSK5	1	False	1	True
CTU2	1	False	1	True
SLC1A5	1	False	1	True
ITSN1	2	False	1	True
SLC24A2	5	False	1	True
COX6A1	1	False	1	True
RTN2	1	False	1	True
P2RY12	2	False	1	True
PNN	5	False	1	True
FAM76B	1	False	1	True
TRRAP	1	False	1	True
KLC3	1	False	1	True
ISL1	1	False	1	True
SPRYD7	1	False	1	True
TIMM10	1	False	1	True
MT-CO2	2	False	1	True
CCAR2	1	False	1	True
BCAT2	3	False	1	True
BORA	2	False	1	True
EML4	1	False	1	True
ATG4B	1	False	1	True
ENO2	1	False	1	True
DAP3	1	False	1	True
REL	1	False	1	True
H2AX	1	False	1	True
YARS1	1	False	1	True
MICAL3	2	False	1	True
AGA	2	False	1	True
CCL19	1	False	1	True
TRAK1	1	False	1	True
SERPINF1	3	False	1	True
INTS4	1	False	1	True
CDAN1	1	False	1	True
NUDT21	2	False	1	True
CCDC77	2	False	1	True
CLP1	2	False	1	True
COA6	1	False	1	True
HMG20A	1	False	1	True
TRA2A	3	False	1	True
TRHR	1	False	1	True
UGP2	1	False	1	True
CTTNBP2	1	False	1	True
PFDN5	1	False	1	True
POLR2B	2	False	1	True
ATRX	1	False	1	True
GPR180	1	False	1	True
GNRHR	1	False	1	True
ZNF512	1	False	1	True
ANKRD26	2	False	1	True
IDS	1	False	1	True
CCNB3	1	False	1	True
APMAP	1	False	1	True
ABCB7	1	False	1	True
FOXN4	2	False	1	True
WWP2	2	False	1	True
CCDC39	2	False	1	True
U2SURP	2	False	1	True
RPL6	1	False	1	True
FAM50A	1	False	1	True
NDUFA12	1	False	1	True
SCRIB	2	False	1	True
IL1B	1	False	1	True
GPR84	1	False	1	True
HAUS7	3	False	1	True
CMC4	1	False	1	True
NDUFV2	3	False	1	True
EIF2AK3	1	False	1	True
PRPS1	1	False	1	True
POM121C	1	False	1	True
WDR48	1	False	1	True
CABP5	3	False	1	True
COASY	4	False	1	True
SLC2A4	1	False	1	True
CCDC61	1	False	1	True
ERC1	1	False	1	True
CD4	3	False	1	True
NAGK	1	False	1	True
PSME3	1	False	1	True
CYBRD1	1	False	1	True
ATP5PO	3	False	1	True
PPM1G	2	False	1	True
PCF11	1	False	1	True
SLC3A2	1	False	1	True
CA9	1	False	1	True
PGAM1	2	False	1	True
KLC1	1	False	1	True
TIMM22	2	False	1	True
IQGAP1	2	False	1	True
CACNA2D4	10	False	1	True
SLC25A12	1	False	1	True
PC	4	False	1	True
LMNA	1	False	1	True
SLC9A4	1	False	1	True
DNAH12	1	False	1	True
CA12	1	False	1	True
FAR1	1	False	1	True
DGAT2	1	False	1	True
UMPS	2	False	1	True
DCAF7	1	False	1	True
OXTR	1	False	1	True
FN1	1	False	1	True
HTATIP2	1	False	1	True
GEMIN4	1	False	1	True
BUD23	1	False	1	True
TYMS	1	False	1	True
PAM16	2	False	1	True
TMEM80	2	False	1	True
TMEM119	1	False	1	True
MFSD9	1	False	1	True
DVL1	1	False	1	True
NTSR2	2	False	1	True
HNRNPH1	2	False	1	True
EFCAB6	1	False	1	True
CHRM1	1	False	1	True
MRPS18C	2	False	1	True
MPP4	1	False	1	True
EZH2	1	False	1	True
PSPC1	1	False	1	True
AASDH	3	False	1	True
TLR4	1	False	1	True
CA14	1	False	1	True
TP53BP1	2	False	1	True
RPS12	1	False	1	True
NFYC	1	False	1	True
COA4	1	False	1	True
SPATA17	1	False	1	True
ALG13	1	False	1	True
EML5	3	False	1	True
TRPM1	7	False	1	True
NUP160	1	False	1	True
SPEF2	2	False	1	True
CYP11A1	1	False	1	True
UBR5	1	False	1	True
MRPL44	2	False	1	True
EWSR1	3	False	1	True
EIF2B4	1	False	1	True
CDK11B	2	False	1	True
LRRC37A	1	False	1	True
ADK	1	False	1	True
HRH1	1	False	1	True
SETDB1	2	False	1	True
ARRDC4	1	False	1	True
PDS5A	1	False	1	True
PGM3	1	False	1	True
PRC1	1	False	1	True
FLNA	1	False	1	True
TMPRSS3	1	False	1	True
SAE1	1	False	1	True
G3BP2	2	False	1	True
LRRC37A3	1	False	1	True
STAB1	1	False	1	True
AGBL4	1	False	1	True
SQOR	1	False	1	True
MON2	1	False	1	True
TGFB1	1	False	1	True
LUC7L	1	False	1	True
DNAAF3	2	False	1	True
CTSH	1	False	1	True
COX19	1	False	1	True
SV2A	1	False	1	True
VPS29	1	False	1	True
TACC3	2	False	1	True
TIMM21	2	False	1	True
FOXJ1	1	False	1	True
PAXX	1	False	1	True
POLR2C	1	False	1	True
HFE	1	False	1	True
MAF	2	False	1	True
SPICE1	2	False	1	True
HNRNPUL1	1	False	1	True
MRPS18A	1	False	1	True
PSMG1	1	False	1	True
NDUFB9	2	False	1	True
LDOC1	1	False	1	True
PARD6A	1	False	1	True
ARHGEF25	1	False	1	True
ELAVL3	2	False	1	True
PNPT1	1	False	1	True
ATF3	1	False	1	True
PRKAR1B	1	False	1	True
RC3H1	1	False	1	True
CRYGD	1	False	1	True
EXTL2	1	False	1	True
STAU1	1	False	1	True
APPL1	1	False	1	True
ARSB	1	False	1	True
AGGF1	1	False	1	True
CHCHD5	1	False	1	True
ELAVL2	1	False	1	True
FDX1	1	False	1	True
GPD2	2	False	1	True
FAM149A	1	False	1	True
NUP188	1	False	1	True
NUP50	2	False	1	True
KDM7A	2	False	1	True
TACC1	1	False	1	True
SLC6A13	2	False	1	True
ALAS2	1	False	1	True
EGFR	1	False	1	True
FCGR3A	1	False	1	True
LAMC1	2	False	1	True
MRPL10	1	False	1	True
MRPL11	1	False	1	True
RAB13	2	False	1	True
TXNRD2	3	False	1	True
AP3M1	1	False	1	True
PRKAR2B	2	False	1	True
NDEL1	1	False	1	True
ACTN4	3	False	1	True
FBXL5	1	False	1	True
TGFBR1	2	False	1	True
CCDC65	2	False	1	True
TOMM22	2	False	1	True
HIBCH	1	False	1	True
NMRAL1	1	False	1	True
TMEM254	1	False	1	True
SOX4	1	False	1	True
BLVRB	1	False	1	True
SIGLEC1	1	False	1	True
SCO2	1	False	1	True
TSFM	1	False	1	True
LRRK2	2	False	1	True
UTRN	1	False	1	True
ARSG	1	False	1	True
CMC2	1	False	1	True
WRAP73	1	False	1	True
MAP2K2	1	False	1	True
MEX3C	1	False	1	True
MT-CO3	2	False	1	True
PSMD13	2	False	1	True
CHD4	4	False	1	True
PYGM	1	False	1	True
FTSJ3	1	False	1	True
ERAL1	1	False	1	True
MRPL3	1	False	1	True
PRR35	1	False	1	True
DLG4	3	False	1	True
UBA52	1	False	1	True
MYH9	3	False	1	True
PDS5B	1	False	1	True
PGD	2	False	1	True
MC4R	1	False	1	True
GALK2	1	False	1	True
GZF1	1	False	1	True
SCFD1	1	False	1	True
TJAP1	1	False	1	True
METTL16	1	False	1	True
HAMP	1	False	1	True
EVI5	2	False	1	True
YWHAZ	2	False	1	True
TBXA2R	1	False	1	True
CCNF	1	False	1	True
MAPRE1	1	False	1	True
CCDC106	1	False	1	True
FZD6	3	False	1	True
GABRD	1	False	1	True
TXNRD1	4	False	1	True
LAMC2	1	False	1	True
GRIA1	1	False	1	True
UTP14A	1	False	1	True
CCDC124	1	False	1	True
TULP2	1	False	1	True
YWHAQ	1	False	1	True
SLC1A3	3	False	1	True
MAOB	1	False	1	True
ATG3	1	False	1	True
PDE7B	1	False	1	True
DDX27	2	False	1	True
U2AF1L4	1	False	1	True
WNT5A	3	False	1	True
LNPK	1	False	1	True
AASS	1	False	1	True
PKHD1	3	False	1	True
HSCB	2	False	1	True
RBPMS	3	False	1	True
USP45	2	False	1	True
MT-ND1	1	False	1	True
LIN28A	1	False	1	True
SAP18	3	False	1	True
DPY19L4	1	False	1	True
RELA	2	False	1	True
THOC1	1	False	1	True
CHCHD7	2	False	1	True
TIA1	1	False	1	True
YWHAH	1	False	1	True
XBP1	1	False	1	True
DDIT3	1	False	1	True
SNRNP35	2	False	1	True
RGS16	2	False	1	True
SLC9A5	1	False	1	True
GPATCH4	1	False	1	True
PRKAR1A	1	False	1	True
PRKAR2A	2	False	1	True
CYCS	4	False	1	True
MC1R	1	False	1	True
CPLANE2	3	False	1	True
GPR34	1	False	1	True
AHCYL1	1	False	1	True
CCDC121	1	False	1	True
MFSD11	1	False	1	True
PLEC	1	False	1	True
SLC26A5	1	False	1	True
RB1CC1	1	False	1	True
FMR1	1	False	1	True
RCHY1	1	False	1	True
NFYA	1	False	1	True
ATG13	1	False	1	True
MPP1	1	False	1	True
UBC	2	False	1	True
FZD2	3	False	1	True
CD1D	1	False	1	True
ATPAF1	1	False	1	True
FRA10AC1	1	False	1	True
BCL2L11	2	False	1	True
PPP1R26	1	False	1	True
MRPS2	1	False	1	True
NPC1	1	False	1	True
FZD5	5	False	1	True
NHP2	3	False	1	True
RAE1	2	False	1	True
UBB	1	False	1	True
TRAPPC2	1	False	1	True
MAN2A1	1	False	1	True
SLC17A8	2	False	1	True
ELMOD1	1	False	1	True
TENT4A	1	False	1	True
PHF6	2	False	1	True
NDUFA13	1	False	1	True
GNPTG	2	False	1	True
FZD3	3	False	1	True
RPS27A	1	False	1	True
EIF3F	1	False	1	True
NID1	3	False	1	True
UFD1	1	False	1	True
ASCC2	1	False	1	True
SMURF1	1	False	1	True
EIF4A1	3	False	1	True
SHLD2	1	False	1	True
AP3B1	1	False	1	True
S100A16	1	False	1	True
CH25H	2	False	1	True
FLNC	1	False	1	True
DHX40	3	False	1	True
ATP2A1	1	False	1	True
HEXD	1	False	1	True
MFSD13A	1	False	1	True
ITGB1	1	False	1	True
GPHN	1	False	1	True
YBX1	1	False	1	True
HNRNPDL	4	False	1	True
SOD2	1	False	1	True
SPATA46	1	False	1	True
ELOA	1	False	1	True
PPP4R3A	1	False	1	True
MRPL50	1	False	1	True
ZNF786	1	False	1	True
MFSD14B	1	False	1	True
DNAAF5	2	False	1	True
ZNF223	1	False	1	True
LOX	1	False	1	True
SAXO1	1	False	1	True
BLOC1S1	1	False	1	True
DNALI1	3	False	1	True
STAB2	1	False	1	True
YWHAB	2	False	1	True
RPS11	1	False	1	True
PYY	1	False	1	True
YTHDC1	1	False	1	True
OR52E4	1	False	1	True
DOT1L	1	False	1	True
AIFM1	1	False	1	True
RSRC1	2	False	1	True
RPL27	1	False	1	True
EPN1	1	False	1	True
EPS15	1	False	1	True
SPTAN1	1	False	1	True
HBS1L	1	False	1	True
UROS	2	False	1	True
MTR	2	False	1	True
YWHAG	1	False	1	True
SPAG5	1	False	1	True
SLC1A2	1	False	1	True
RCE1	2	False	1	True
HEXIM1	1	False	1	True
STOML2	2	False	1	True
NFXL1	1	False	1	True
PTH2R	1	False	1	True
NKX3-1	1	False	1	True
NUTM2B	1	False	1	True
SFPQ	1	False	1	True
ZBTB48	1	False	1	True
CRH	1	False	1	True
CDC42	3	False	1	True
GABRB1	1	False	1	True
HYLS1	2	False	1	True
ZCCHC10	1	False	1	True
EFCAB7	1	False	1	True
SOS2	1	False	1	True
CLHC1	1	False	1	True
RBM28	1	False	1	True
SRSF10	2	False	1	True
DHX57	1	False	1	True
ZC2HC1C	1	False	1	True
ZBTB9	1	False	1	True
TIRAP	1	False	1	True
ALDH8A1	1	False	1	True
FBXL2	1	False	1	True
LAMP1	1	False	1	True
NUP93	2	False	1	True
POLR3F	1	False	1	True
FBXL20	1	False	1	True
TDG	1	False	1	True
B3GNT2	1	False	1	True
SNTG2	1	False	1	True
NFKBIA	1	False	1	True
GCGR	1	False	1	True
CSF1	1	False	1	True
CEP70	1	False	1	True
ZCCHC17	2	False	1	True
PSMD2	1	False	1	True
ZNF557	1	False	1	True
FBXL17	1	False	1	True
NUP133	2	False	1	True
RPN1	1	False	1	True
NDUFS8	4	False	1	True
ARMC6	1	False	1	True
UROD	2	False	1	True
TTN	2	False	1	True
HNRNPH3	2	False	1	True
AP2A2	1	False	1	True
CENPE	1	False	1	True
TCEA1	1	False	1	True
FAT3	1	False	1	True
PMPCB	3	False	1	True
GALNT2	1	False	1	True
PKP1	1	False	1	True
CARD14	1	False	1	True
SLC16A3	2	False	1	True
GPS2	1	False	1	True
PHGDH	3	False	1	True
SLC25A38	1	False	1	True
ABCG2	1	False	1	True
KCNK2	1	False	1	True
MAN2A2	1	False	1	True
CAV1	1	False	1	True
CD47	1	False	1	True
AIRE	1	False	1	True
STARD3	1	False	1	True
MRPL51	1	False	1	True
RBM5	2	False	1	True
RSPH1	2	False	1	True
RALY	1	False	1	True
RXRG	1	False	1	True
GDPD1	1	False	1	True
ZBTB46	1	False	1	True
IL6	3	False	1	True
SPTB	1	False	1	True
MRPL54	1	False	1	True
MFSD6	1	False	1	True
CDC14A	2	False	1	True
CCDC68	2	False	1	True
SLC12A1	1	False	1	True
RGS1	3	False	1	True
RGS3	1	False	1	True
NUP43	1	False	1	True
GTF3C5	1	False	1	True
AMBRA1	1	False	1	True
WDR73	2	False	1	True
ADRM1	1	False	1	True
HNRNPR	2	False	1	True
PIAS2	1	False	1	True
PRPF39	3	False	1	True
BAG5	1	False	1	True
VSNL1	1	False	1	True
USP10	1	False	1	True
EIF4A2	2	False	1	True
PLAAT1	1	False	1	True
ME2	1	False	1	True
DCAF10	1	False	1	True
LEO1	1	False	1	True
UBA6	1	False	1	True
ARHGDIA	3	False	1	True
TAC1	1	False	1	True
ENO3	2	False	1	True
POLR1B	1	False	1	True
AIF1	2	False	1	True
MCPH1	1	False	1	True
HNRNPA0	2	False	1	True
PSMF1	1	False	1	True
NCS1	1	False	1	True
ANKS6	4	False	1	True
RARA	1	False	1	True
DDX20	1	False	1	True
RARG	2	False	1	True
NUP85	3	False	1	True
RAB6A	2	False	1	True
CD2AP	2	False	1	True
TP53I13	1	False	1	True
HTN3	1	False	1	True
UBQLN2	1	False	1	True
ZNF384	1	False	1	True
RPL19	1	False	1	True
LAMB3	1	False	1	True
TVP23C	1	False	1	True
RFX1	5	False	1	True
TFEB	1	False	1	True
ZNF440	1	False	1	True
SWI5	1	False	1	True
FLI1	1	False	1	True
STIL	1	False	1	True
ELAVL4	1	False	1	True
PRH2	1	False	1	True
PITPNC1	1	False	1	True
UQCC1	2	False	1	True
SPATA3	1	False	1	True
POM121	1	False	1	True
DOC2A	1	False	1	True
RND1	1	False	1	True
FAM169A	1	False	1	True
ACTR8	1	False	1	True
RPS27L	1	False	1	True
MTAP	2	False	1	True
RIC8B	2	False	1	True
GBF1	1	False	1	True
TVP23C-CDRT4	1	False	1	True
UHMK1	1	False	1	True
NUP107	1	False	1	True
DDOST	1	False	1	True
HPS5	1	False	1	True
CALB2	2	False	1	True
ALAD	1	False	1	True
FOSB	1	False	1	True
HDDC3	1	False	1	True
IARS1	1	False	1	True
ASIP	1	False	1	True
SLC27A1	1	False	1	True
CASR	1	False	1	True
FBRS	1	False	1	True
LIPG	1	False	1	True
SLC44A2	1	False	1	True
CC2D2B	1	False	1	True
MYO1E	2	False	1	True
TMEM129	1	False	1	True
PDCD11	2	False	1	True
CLPP	4	False	1	True
WDR47	1	False	1	True
NUMBL	1	False	1	True
AKIRIN2	1	False	1	True
SNCA	1	False	1	True
FOSL1	1	False	1	True
AHCY	1	False	1	True
KCNMA1	1	False	1	True
RAB5A	1	False	1	True
CES1	1	False	1	True
MAD2L1	1	False	1	True
CKAP5	1	False	1	True
TTLL11	1	False	1	True
NUDT13	1	False	1	True
OR2C1	1	False	1	True
ARL11	1	False	1	True
CCRL2	1	False	1	True
AVPI1	1	False	1	True
TMEM9B	1	False	1	True
CRYBA1	4	False	1	True
CWF19L1	2	False	1	True
URI1	1	False	1	True
WDR33	1	False	1	True
TDRD9	1	False	1	True
ZNF358	1	False	1	True
FAHD2A	1	False	1	True
YTHDC2	1	False	1	True
HSPA5	2	False	1	True
BCL2	1	False	1	True
HYAL1	1	False	1	True
ETFB	2	False	1	True
CYP2W1	1	False	1	True
RAB9A	1	False	1	True
CCR5	1	False	1	True
MGAT1	1	False	1	True
TFRC	2	False	1	True
TRIT1	1	False	1	True
RGS4	1	False	1	True
MRPL2	1	False	1	True
NPY1R	1	False	1	True
SLC6A11	1	False	1	True
GNPTAB	1	False	1	True
TRIOBP	1	False	1	True
G3BP1	2	False	1	True
PTGES3	1	False	1	True
SLC4A4	1	False	1	True
TXNRD3	3	False	1	True
CLPB	1	False	1	True
PXDN	2	False	1	True
PUM2	1	False	1	True
PUM1	1	False	1	True
KIAA1328	1	False	1	True
CDHR5	1	False	1	True
ABCA1	2	False	1	True
EXT1	1	False	1	True
CRHR1	1	False	1	True
PXDNL	2	False	1	True
RAPGEF4	1	False	1	True
PEBP1	3	False	1	True
CCL2	1	False	1	True
MYD88	1	False	1	True
KCNJ10	1	False	1	True
NUP153	1	False	1	True
THRAP3	3	False	1	True
NCOA4	1	False	1	True
ARL1	1	False	1	True
PDZD4	1	False	1	True
YIPF5	1	False	1	True
PSAT1	2	False	1	True
GUSB	1	False	1	True
SUMF1	1	False	1	True
SP100	1	False	1	True
ANOS1	1	False	1	True
EEF1G	2	False	1	True
CNNM4	3	False	1	True
PPM1B	1	False	1	True
NCDN	1	False	1	True
PSPH	1	False	1	True
DNAAF4	2	False	1	True
APOBR	1	False	1	True
AKIRIN1	1	False	1	True
ICMT	1	False	1	True
CCDC115	2	False	1	True
DUSP6	1	False	1	True
TPRA1	1	False	1	True
ALG3	2	False	1	True
ASS1	3	False	1	True
KAT2B	1	False	1	True
HPCA	1	False	1	True
PHIP	1	False	1	True
PA2G4	1	False	1	True
PHACTR2	1	False	1	True
LRFN4	1	False	1	True
CEND1	1	False	1	True
EIF2S3	2	False	1	True
CCNQ	1	False	1	True
SLC27A6	2	False	1	True
HSPB1	1	False	1	True
ANKRD33B	1	False	1	True
ATL3	1	False	1	True
SCTR	1	False	1	True
TOMM5	1	False	1	True
TMTC1	2	False	1	True
CHERP	1	False	1	True
RGS8	1	False	1	True
FAM118A	2	False	1	True
ATL1	1	False	1	True
NUFIP2	1	False	1	True
DDX56	1	False	1	True
CDK7	1	False	1	True
FAXDC2	1	False	1	True
RLF	1	False	1	True
SH2B1	1	False	1	True
TOMM20	1	False	1	True
NUP214	1	False	1	True
RYR2	1	False	1	True
CCR6	1	False	1	True
MRPS21	1	False	1	True
GPM6B	1	False	1	True
TMEM170A	1	False	1	True
ZMYND10	2	False	1	True
PLSCR1	1	False	1	True
RGS20	1	False	1	True
ECHS1	3	False	1	True
RGS19	1	False	1	True
TCEA2	1	False	1	True
CYP2U1	1	False	1	True
SETX	2	False	1	True
CAPN1	1	False	1	True
RABAC1	1	False	1	True
TOMM7	3	False	1	True
MRPL15	1	False	1	True
MAPK8	1	False	1	True
RPS10	1	False	1	True
CDK5	1	False	1	True
MRAP2	2	False	1	True
OAT	3	False	1	True
LBR	1	False	1	True
RANGAP1	4	False	1	True
YIPF1	1	False	1	True
RDH14	2	False	1	True
RBM17	2	False	1	True
RBM3	2	False	1	True
LCAT	1	False	1	True
RGS17	1	False	1	True
SLC7A6OS	1	False	1	True
MAPK9	1	False	1	True
SLC1A1	1	False	1	True
HACE1	1	False	1	True
UBE2E3	2	False	1	True
DIDO1	3	False	1	True
HSPA4L	2	False	1	True
SLC7A5	1	False	1	True
CCK	1	False	1	True
MSR1	1	False	1	True
BRMS1L	2	False	1	True
RABEPK	1	False	1	True
PPIF	1	False	1	True
YIF1A	1	False	1	True
H2BC21	2	False	1	True
RARB	1	False	1	True
DPH2	1	False	1	True
UBE2D2	1	False	1	True
EIF3D	1	False	1	True
HSP90B1	2	False	1	True
KDM6B	1	False	1	True
GPD1	2	False	1	True
HSPA8	2	False	1	True
SEC62	1	False	1	True
SEC61B	2	False	1	True
SMN1	1	False	1	True
VAPB	1	False	1	True
POLRMT	1	False	1	True
PMPCA	2	False	1	True
VASP	1	False	1	True
PCK2	2	False	1	True
NRSN2	1	False	1	True
ZFPL1	1	False	1	True
BTBD2	1	False	1	True
C5orf34	1	False	1	True
SRPK1	1	False	1	True
ASAH2	1	False	1	True
TBL2	1	False	1	True
CETN3	2	False	1	True
CDC42BPB	2	False	1	True
PRCC	1	False	1	True
MINAR1	1	False	1	True
KBTBD12	1	False	1	True
HDDC2	1	False	1	True
FSD1	1	False	1	True
ALG8	1	False	1	True
NELFCD	1	False	1	True
EFCAB11	1	False	1	True
ARIH1	1	False	1	True
BCL9L	1	False	1	True
TRIP12	1	False	1	True
BSDC1	1	False	1	True
SHMT2	3	False	1	True
PSMD14	1	False	1	True
MRPL45	1	False	1	True
ATXN1L	1	False	1	True
BMS1	2	False	1	True
HNRNPF	2	False	1	True
RHEB	1	False	1	True
CCNO	1	False	1	True
MAN2B1	2	False	1	True
CBS	1	False	1	True
PET100	1	False	1	True
CNTF	2	False	1	True
RPLP1	1	False	1	True
WNT5B	1	False	1	True
CCDC73	1	False	1	True
CYB5B	1	False	1	True
PIKFYVE	1	False	1	True
CEP76	1	False	1	True
P3H3	1	False	1	True
VPS13B	2	False	1	True
PLPPR4	1	False	1	True
ABCB8	1	False	1	True
HSD17B12	1	False	1	True
H2AC20	1	False	1	True
ATP5MG	1	False	1	True
ARNT	2	False	1	True
ACOX3	1	False	1	True
ICAM1	1	False	1	True
JPH4	1	False	1	True
TPM1	1	False	1	True
SEH1L	1	False	1	True
SETD4	1	False	1	True
EIF2AK1	2	False	1	True
ENAH	1	False	1	True
HMOX1	1	False	1	True
PPIB	1	False	1	True
GOLGA4	1	False	1	True
GYS1	1	False	1	True
TRAF3	1	False	1	True
NOC4L	1	False	1	True
MPP7	2	False	1	True
POLR3B	1	False	1	True
RNF34	1	False	1	True
TFAP4	1	False	1	True
NOP14	1	False	1	True
RALGAPA1	1	False	1	True
FAM111B	1	False	1	True
BCAT1	5	False	1	True
FEN1	1	False	1	True
ZNF584	1	False	1	True
RCL1	1	False	1	True
ZNF608	1	False	1	True
SLC9A8	1	False	1	True
PLA2G6	1	False	1	True
TRAP1	1	False	1	True
FBL	2	False	1	True
SOX2	1	False	1	True
TNPO1	1	False	1	True
ARFIP2	1	False	1	True
ARHGEF40	1	False	1	True
TMEM19	2	False	1	True
RGS12	1	False	1	True
LLGL2	1	False	1	True
PPIAL4H	1	False	1	True
PRPF40B	1	False	1	True
CAMSAP2	1	False	1	True
RPS18	2	False	1	True
FOXF1	1	False	1	True
RPS23	1	False	1	True
LAMB2	1	False	1	True
PPIAL4C	1	False	1	True
GNL3	1	False	1	True
RPL7	1	False	1	True
PPIAL4G	1	False	1	True
ZNF106	1	False	1	True
GALNT3	2	False	1	True
EFHD1	1	False	1	True
APOBEC3H	1	False	1	True
TTK	1	False	1	True
TSC1	1	False	1	True
SMAD6	1	False	1	True
CNR1	1	False	1	True
KLKB1	1	False	1	True
IL4	2	False	1	True
BRD2	1	False	1	True
ANK3	1	False	1	True
SLC16A8	1	False	1	True
TCEA3	1	False	1	True
WWOX	1	False	1	True
CRAMP1	1	False	1	True
FOXP3	1	False	1	True
MAPRE3	1	False	1	True
SLC16A4	2	False	1	True
ABL2	1	False	1	True
XYLB	1	False	1	True
SATB1	1	False	1	True
PPIP5K1	1	False	1	True
SCARA3	1	False	1	True
RFX4	1	False	1	True
TAS2R1	1	False	1	True
RELB	1	False	1	True
SLC19A2	1	False	1	True
EAF1	1	False	1	True
SLC20A2	1	False	1	True
IRF8	1	False	1	True
ARL13A	2	False	1	True
JUP	2	False	1	True
RCOR1	1	False	1	True
DNAJC6	1	False	1	True
SHFL	1	False	1	True
NPRL3	1	False	1	True
LIPC	1	False	1	True
DERL1	1	False	1	True
RBM19	1	False	1	True
GJA1	1	False	1	True
DEPDC1B	1	False	1	True
LGR4	1	False	1	True
TOMM70	1	False	1	True
C18orf25	1	False	1	True
GRN	1	False	1	True
EXT2	1	False	1	True
RANBP3	1	False	1	True
SLC30A5	1	False	1	True
NUP37	1	False	1	True
TM4SF19	1	False	1	True
MCM8	1	False	1	True
MCMDC2	1	False	1	True
AP2A1	1	False	1	True
BNIP3	1	False	1	True
VWA7	1	False	1	True
RAX	1	False	1	True
EIF2B3	1	False	1	True
KLHL15	1	False	1	True
RPS2	1	False	1	True
NDUFB7	1	False	1	True
PPM1A	1	False	1	True
NAT10	2	False	1	True
TMEM236	1	False	1	True
DZIP1	1	False	1	True
RGS10	1	False	1	True
SH3BP5L	1	False	1	True
QRICH1	2	False	1	True
SMPD1	2	False	1	True
BRD3	1	False	1	True
RBM24	1	False	1	True
BSG	1	False	1	True
MAB21L2	2	False	1	True
OXSM	1	False	1	True
PCBP2	1	False	1	True
CD27	1	False	1	True
EFEMP1	1	False	1	True
MRPL21	1	False	1	True
CAPZA1	1	False	1	True
TRPC6	2	False	1	True
IPO7	1	False	1	True
RBP5	1	False	1	True
CCR1	1	False	1	True
QRICH2	1	False	1	True
GK5	1	False	1	True
FOXP2	2	False	1	True
CYB561A3	1	False	1	True
TXN	1	False	1	True
OPHN1	1	False	1	True
SPIDR	1	False	1	True
PSD2	2	False	1	True
MAFG	1	False	1	True
PMEL	3	False	1	True
SLC41A2	1	False	1	True
SEC13	1	False	1	True
ARRDC5	1	False	1	True
RHBDD3	3	False	1	True
LETM2	1	False	1	True
NUP155	1	False	1	True
EMP2	1	False	1	True
EPS15L1	1	False	1	True
CLIC5	1	False	1	True
ZNF214	1	False	1	True
TTR	1	False	1	True
GRM5	1	False	1	True
PAFAH1B2	1	False	1	True
TRABD	1	False	1	True
MAP3K1	1	False	1	True
DOCK4	1	False	1	True
SREK1	1	False	1	True
EML3	1	False	1	True
MCAT	1	False	1	True
VARS1	1	False	1	True
TMEM260	1	False	1	True
SPTLC1	2	False	1	True
POU6F2	1	False	1	True
NDUFA5	2	False	1	True
HMBS	2	False	1	True
SLC35B1	1	False	1	True
FASTKD3	1	False	1	True
CASK	1	False	1	True
PTPN3	1	False	1	True
RRP36	1	False	1	True
NXNL2	1	False	1	True
HDAC2	1	False	1	True
ZNF292	1	False	1	True
MFHAS1	1	False	1	True
SMG6	1	False	1	True
NCOA3	2	False	1	True
MCOLN1	2	False	1	True
MYCL	1	False	1	True
ABI2	1	False	1	True
CEP170B	1	False	1	True
CFAP44	2	False	1	True
NDUFA3	1	False	1	True
GRM1	1	False	1	True
SLC7A6	1	False	1	True
NSFL1C	1	False	1	True
SPSB2	1	False	1	True
PABPC1	3	False	1	True
SLC27A2	2	False	1	True
LRP1	2	False	1	True
L3MBTL2	1	False	1	True
ZNF821	1	False	1	True
FKBP8	1	False	1	True
RASD2	1	False	1	True
RGS5	1	False	1	True
POLDIP2	1	False	1	True
SLC7A8	1	False	1	True
DDX18	1	False	1	True
GPR88	1	False	1	True
TOMM6	1	False	1	True
ESF1	1	False	1	True
NUDT5	1	False	1	True
ITGB5	1	False	1	True
SLC26A2	1	False	1	True
SLC5A7	1	False	1	True
ITPRIPL2	1	False	1	True
ITPRIP	1	False	1	True
RDH13	1	False	1	True
SPATA20	1	False	1	True
GGCX	2	False	1	True
LRRC32	1	False	1	True
DNAJC18	1	False	1	True
STXBP4	1	False	1	True
DZANK1	1	False	1	True
SRPK2	3	False	1	True
RPL22L1	1	False	1	True
ADD3	1	False	1	True
COL9A2	1	False	1	True
CBY1	1	False	1	True
ZBTB5	1	False	1	True
ZNF423	3	False	1	True
STAT3	2	False	1	True
RRS1	1	False	1	True
TXLNB	1	False	1	True
CSMD1	1	False	1	True
MT-ND5	2	False	1	True
SLC27A5	2	False	1	True
HYDIN	2	False	1	True
AR	3	False	1	True
GRTP1	1	False	1	True
ST6GAL2	1	False	1	True
SUGP2	1	False	1	True
ATP1A4	1	False	1	True
KRTCAP3	1	False	1	True
BRMS1	1	False	1	True
YWHAE	1	False	1	True
FLOT1	1	False	1	True
CDK5RAP1	1	False	1	True
OSBPL6	1	False	1	True
EVA1A	1	False	1	True
HLA-B	1	False	1	True
MYL12B	1	False	1	True
MYL9	1	False	1	True
HABP4	2	False	1	True
LHX2	1	False	1	True
PNKD	1	False	1	True
PGAM4	1	False	1	True
IMMT	1	False	1	True
ZNF541	1	False	1	True
ADRA1B	1	False	1	True
SLC45A1	1	False	1	True
ECT2	1	False	1	True
BEST2	1	False	1	True
ARMC3	1	False	1	True
TMEM214	1	False	1	True
CHD3	3	False	1	True
NTN5	1	False	1	True
CPSF1	1	False	1	True
CD86	1	False	1	True
HAAO	1	False	1	True
CCNL2	1	False	1	True
LRRCC1	1	False	1	True
TTC5	1	False	1	True
ZNF430	1	False	1	True
ARG1	1	False	1	True
FBLN1	1	False	1	True
IMPA2	1	False	1	True
PTPRO	2	False	1	True
CPNE8	1	False	1	True
LGALS9	1	False	1	True
MCF2	1	False	1	True
UQCRQ	2	False	1	True
DIAPH1	2	False	1	True
CCPG1	1	False	1	True
COCH	1	False	1	True
TMPRSS4	1	False	1	True
SLC7A10	1	False	1	True
POC1A	1	False	1	True
SLC25A28	1	False	1	True
OSTF1	1	False	1	True
ARHGEF33	1	False	1	True
PDGFRB	1	False	1	True
GBE1	1	False	1	True
ASCL1	1	False	1	True
TULP4	1	False	1	True
NDUFB4	1	False	1	True
SLC27A4	2	False	1	True
SLC27A3	2	False	1	True
ALG11	1	False	1	True
ALG14	1	False	1	True
ZMPSTE24	2	False	1	True
CEP104	1	False	1	True
METTL6	1	False	1	True
TGFBR3	1	False	1	True
SCMH1	1	False	1	True
RORA	1	False	1	True
LONP1	3	False	1	True
ELMOD3	1	False	1	True
KIF5A	1	False	1	True
LONP2	1	False	1	True
EML2	1	False	1	True
PCSK2	1	False	1	True
IL2RG	2	False	1	True
NES	1	False	1	True
NOL11	1	False	1	True
CFAP298	2	False	1	True
DPYD	2	False	1	True
CHEK2	1	False	1	True
CBLN3	1	False	1	True
NEFL	1	False	1	True
UQCR10	1	False	1	True
RNF10	1	False	1	True
HARS1	1	False	1	True
PGAM2	2	False	1	True
FUCA1	1	False	1	True
MOBP	1	False	1	True
OPN1MW3	1	False	1	True
PPTC7	2	False	1	True
TFR2	1	False	1	True
CSTF2	1	False	1	True
CAPN3	1	False	1	True
SLC25A18	2	False	1	True
DHFR	1	False	1	True
SNCG	1	False	1	True
CFH	2	False	1	True
RPS21	1	False	1	True
FMN1	1	False	1	True
DRAM2	1	False	1	True
MRTO4	1	False	1	True
BYSL	1	False	1	True
SELENON	1	False	1	True
EDEM1	2	False	1	True
RABL2A	1	False	1	True
ERGIC3	1	False	1	True
RNF103-CHMP3	1	False	1	True
ENDOV	1	False	1	True
BICDL1	1	False	1	True
TTLL7	1	False	1	True
FAM120C	1	False	1	True
ARHGAP17	1	False	1	True
SEMA3A	1	False	1	True
CXCR5	1	False	1	True
NAA10	1	False	1	True
CUX1	1	False	1	True
NPEPL1	1	False	1	True
CABP2	1	False	1	True
MYO3A	2	False	1	True
ZIC4	1	False	1	True
SLC7A9	1	False	1	True
CDH5	1	False	1	True
RGS18	1	False	1	True
MYOT	2	False	1	True
TSPEAR	1	False	1	True
GPR182	1	False	1	True
ZNHIT6	1	False	1	True
SUPT6H	1	False	1	True
SLTM	1	False	1	True
DNAJA1	1	False	1	True
F11	1	False	1	True
CRYBB3	1	False	1	True
UTP14C	1	False	1	True
BAG2	1	False	1	True
STK38L	1	False	1	True
PLIN5	1	False	1	True
NAGPA	1	False	1	True
ALG12	1	False	1	True
ATP6V0A1	1	False	1	True
CLPX	3	False	1	True
UNC5D	1	False	1	True
KIF18A	1	False	1	True
CLIC6	1	False	1	True
SDSL	3	False	1	True
EXOSC9	1	False	1	True
AGL	1	False	1	True
AGTR2	1	False	1	True
IPO9	1	False	1	True
SLC6A1	1	False	1	True
SIN3B	1	False	1	True
NCKAP1	1	False	1	True
FNBP1L	1	False	1	True
GPX7	1	False	1	True
HABP2	1	False	1	True
IP6K2	1	False	1	True
HGFAC	1	False	1	True
HNF4A	1	False	1	True
EBPL	2	False	1	True
GABRG2	1	False	1	True
MAP1LC3A	1	False	1	True
PRRT2	1	False	1	True
RTBDN	1	False	1	True
MRPL53	1	False	1	True
TMEM38B	1	False	1	True
USP14	1	False	1	True
EML1	1	False	1	True
AGPS	1	False	1	True
TRIB1	1	False	1	True
ELMO2	1	False	1	True
MFF	1	False	1	True
MBNL1	2	False	1	True
SRD5A2	1	False	1	True
SRR	1	False	1	True
MRS2	1	False	1	True
AMBP	1	False	1	True
LRRC3	1	False	1	True
EIF4H	2	False	1	True
MYSM1	1	False	1	True
TRIM23	1	False	1	True
TMEM39B	1	False	1	True
PRRT1	1	False	1	True
TBCK	1	False	1	True
MRPL38	1	False	1	True
ADAMTS20	1	False	1	True
SIK2	1	False	1	True
ACE	1	False	1	True
NR2C2	1	False	1	True
RNF5	1	False	1	True
ECI1	1	False	1	True
PLP1	1	False	1	True
OTOGL	1	False	1	True
RABL2B	1	False	1	True
NUP62	1	False	1	True
TRMT6	1	False	1	True
ECM2	1	False	1	True
CEBPB	1	False	1	True
SLC7A1	1	False	1	True
ULK4	1	False	1	True
CST3	1	False	1	True
CX3CL1	1	False	1	True
CHD1	1	False	1	True
TRIM66	1	False	1	True
NIPSNAP1	1	False	1	True
RBCK1	1	False	1	True
SGPP1	1	False	1	True
KIF24	2	False	1	True
TIMP2	1	False	1	True
PEBP4	1	False	1	True
SDC1	1	False	1	True
HSPA1A	1	False	1	True
KIF5B	1	False	1	True
GMPPA	1	False	1	True
BAG3	1	False	1	True
EEFSEC	1	False	1	True
KATNBL1	1	False	1	True
EML6	1	False	1	True
HMOX2	1	False	1	True
MSL2	1	False	1	True
C1QL2	1	False	1	True
GIGYF2	1	False	1	True
RRP1B	1	False	1	True
TAT	2	False	1	True
ARID4B	1	False	1	True
CPE	1	False	1	True
HRNR	1	False	1	True
GAB1	1	False	1	True
MAN1B1	1	False	1	True
CCDC51	1	False	1	True
CYP1B1	1	False	1	True
PLEKHH2	1	False	1	True
SEC24C	1	False	1	True
CFAP70	1	False	1	True
KCNT2	1	False	1	True
CAD	1	False	1	True
GALNT13	1	False	1	True
INO80D	1	False	1	True
AVPR1A	1	False	1	True
ATAD3A	1	False	1	True
DMWD	1	False	1	True
ACTN2	1	False	1	True
NUP54	1	False	1	True
ERLIN2	1	False	1	True
DVL2	1	False	1	True
EIF2S1	1	False	1	True
ZNF764	1	False	1	True
VWF	1	False	1	True
TFAP2A	1	False	1	True
PDE4B	1	False	1	True
STUB1	1	False	1	True
CUBN	2	False	1	True
SEC22C	1	False	1	True
GRIPAP1	1	False	1	True
FBXO9	1	False	1	True
ZDBF2	1	False	1	True
ARHGAP24	2	False	1	True
CCL22	1	False	1	True
RPIA	1	False	1	True
SPATA6	1	False	1	True
NEUROG2	1	False	1	True
PAK4	1	False	1	True
FLAD1	1	False	1	True
RAB6B	1	False	1	True
KIAA0319	1	False	1	True
HADHA	2	False	1	True
ATP5PF	1	False	1	True
PITPNA	1	False	1	True
ACSL3	1	False	1	True
PISD	1	False	1	True
NTPCR	1	False	1	True
SYNRG	1	False	1	True
WDR17	1	False	1	True
MRPS34	1	False	1	True
KIAA0232	1	False	1	True
SSH3	1	False	1	True
GABRA1	1	False	1	True
CISD3	1	False	1	True
CD34	1	False	1	True
C6orf132	1	False	1	True
SRPRA	1	False	1	True
GPX8	1	False	1	True
STARD3NL	1	False	1	True
DCTN2	2	False	1	True
NUP58	1	False	1	True
EBNA1BP2	1	False	1	True
ACTN1	1	False	1	True
RRP1	1	False	1	True
PPARG	1	False	1	True
NECAP2	1	False	1	True
CYP1A1	1	False	1	True
PAK5	1	False	1	True
PAK6	1	False	1	True
MARS1	1	False	1	True
MICA	1	False	1	True
EFHD2	1	False	1	True
TEX29	1	False	1	True
LAMTOR1	1	False	1	True
TMPO	2	False	1	True
ESS2	1	False	1	True
AAAS	1	False	1	True
TFPI2	1	False	1	True
HAS1	1	False	1	True
DIP2A	1	False	1	True
SNAP25	1	False	1	True
HAS3	1	False	1	True
PLPP1	1	False	1	True
PLPP4	1	False	1	True
PLPPR1	1	False	1	True
MED16	1	False	1	True
XRN2	1	False	1	True
PLPPR5	1	False	1	True
PLPPR2	1	False	1	True
TMEM208	1	False	1	True
PLPP5	1	False	1	True
PLPPR3	1	False	1	True
PLPP3	1	False	1	True
PLPP2	1	False	1	True
EPSTI1	1	False	1	True
TNFRSF10A	1	False	1	True
SLC7A7	1	False	1	True
SGPP2	1	False	1	True
APOL1	1	False	1	True
P2RX4	1	False	1	True
M1AP	1	False	1	True
FCN1	1	False	1	True
ANKRD40	1	False	1	True
GFOD1	1	False	1	True
HSD17B10	1	False	1	True
MECP2	1	False	1	True
FKBP1B	1	False	1	True
ZSCAN26	1	False	1	True
SERINC1	1	False	1	True
KIFC2	2	False	1	True
GPNMB	1	False	1	True
ROCK1	1	False	1	True
DRC7	1	False	1	True
SSRP1	1	False	1	True
RFX2	1	False	1	True
CASP3	1	False	1	True
SMC1A	1	False	1	True
CYB5D1	1	False	1	True
FBLN2	1	False	1	True
KDM2A	1	False	1	True
PLXNA1	1	False	1	True
ONECUT1	1	False	1	True
ELF3	1	False	1	True
ADAM17	1	False	1	True
TCF15	1	False	1	True
SOD1	1	False	1	True
ATXN2	1	False	1	True
HSPA1B	1	False	1	True
NBAS	1	False	1	True
C5orf46	1	False	1	True
GHRL	2	False	1	True
AGT	1	False	1	True
TSC22D3	1	False	1	True
STAG2	1	False	1	True
DIAPH2	1	False	1	True
APLF	1	False	1	True
WDR20	1	False	1	True
ARMC2	2	False	1	True
THNSL1	3	False	1	True
DNAJC28	1	False	1	True
DSCAM	1	False	1	True
EMC2	1	False	1	True
HTR2C	1	False	1	True
MED24	1	False	1	True
STAT2	1	False	1	True
DDX52	1	False	1	True
FARP1	1	False	1	True
PPIL4	1	False	1	True
RYR1	1	False	1	True
CEP126	1	False	1	True
SAMM50	2	False	1	True
EXTL3	1	False	1	True
COX18	1	False	1	True
MYRFL	1	False	1	True
MYOM2	1	False	1	True
BRIX1	1	False	1	True
SCAP	1	False	1	True
PSMC1	1	False	1	True
JUND	1	False	1	True
GRAMD4	1	False	1	True
NUBPL	1	False	1	True
L2HGDH	1	False	1	True
DCTN4	1	False	1	True
CAB39L	1	False	1	True
MYO5A	1	False	1	True
EIF4B	2	False	1	True
DBN1	1	False	1	True
RANBP1	1	False	1	True
TOR1AIP1	1	False	1	True
RPS3	2	False	1	True
EMC1	1	False	1	True
CHKA	1	False	1	True
MT-ND2	1	False	1	True
CIAO1	1	False	1	True
WDR36	1	False	1	True
TRIP4	1	False	1	True
TRIP13	1	False	1	True
OR2M3	1	False	1	True
RBM45	1	False	1	True
PFN1	1	False	1	True
QDPR	1	False	1	True
SLC30A6	1	False	1	True
HIPK2	1	False	1	True
ANKS4B	1	False	1	True
CAPN9	1	False	1	True
SMAD4	1	False	1	True
CYGB	1	False	1	True
COX4I1	1	False	1	True
FPGS	1	False	1	True
NDUFB3	1	False	1	True
SUPT16H	1	False	1	True
ILF2	2	False	1	True
USF1	1	False	1	True
THNSL2	3	False	1	True
SCD	1	False	1	True
SCP2	1	False	1	True
EIF2S3B	1	False	1	True
WTIP	1	False	1	True
NDUFAF5	1	False	1	True
EHD1	1	False	1	True
RIPPLY2	1	False	1	True
CYB5R1	1	False	1	True
TRAPPC11	1	False	1	True
ZNRF2	1	False	1	True
SPNS1	1	False	1	True
ACER2	1	False	1	True
TRAPPC6B	1	False	1	True
CYP1A2	1	False	1	True
ZC3H18	3	False	1	True
MTHFD1	1	False	1	True
SLC25A5	1	False	1	True
MAVS	1	False	1	True
CRYBB2	1	False	1	True
PGM5	1	False	1	True
ABR	1	False	1	True
ABCF1	1	False	1	True
PER2	2	False	1	True
TNFSF13B	1	False	1	True
HARS2	1	False	1	True
MLLT6	1	False	1	True
CYP3A4	1	False	1	True
CHID1	1	False	1	True
COX8A	1	False	1	True
LGSN	1	False	1	True
BORCS6	1	False	1	True
KCNJ5	1	False	1	True
RC3H2	1	False	1	True
NOP58	1	False	1	True
KHDRBS2	1	False	1	True
DDX50	1	False	1	True
PDYN	1	False	1	True
ATP6AP2	1	False	1	True
ATP8A2	1	False	1	True
RFX3	1	False	1	True
VAMP3	1	False	1	True
HBD	1	False	1	True
ESRRA	1	False	1	True
DDX54	2	False	1	True
ZNF891	1	False	1	True
PAK2	1	False	1	True
GIT1	1	False	1	True
FAM91A1	1	False	1	True
OSBPL11	1	False	1	True
H3-3B	1	False	1	True
NFIL3	1	False	1	True
RABGAP1	1	False	1	True
FBLL1	1	False	1	True
GPX4	1	False	1	True
ACSS2	1	False	1	True
LYVE1	1	False	1	True
FAM111A	1	False	1	True
ALG1	1	False	1	True
EIF6	1	False	1	True
SAMD11	2	False	1	True
GLO1	1	False	1	True
CPA6	1	False	1	True
ZNF451	1	False	1	True
STOM	1	False	1	True
DNAJB4	1	False	1	True
ZUP1	1	False	1	True
PKDCC	1	False	1	True
DNAH9	1	False	1	True
AKAP12	1	False	1	True
SNAP23	1	False	1	True
CYB5R4	1	False	1	True
KHSRP	1	False	1	True
ACSS1	1	False	1	True
RTTN	1	False	1	True
ARMS2	1	False	1	True
SCN5A	1	False	1	True
CFAP43	1	False	1	True
SUMO4	1	False	1	True
HSD3B7	1	False	1	True
KIF2A	1	False	1	True
MYBBP1A	1	False	1	True
DCK	1	False	1	True
PTGS2	1	False	1	True
UTP6	1	False	1	True
RAB24	1	False	1	True
KMT2D	1	False	1	True
WAS	1	False	1	True
UACA	1	False	1	True
ZC3H7B	1	False	1	True
HNRNPL	1	False	1	True
DPH5	1	False	1	True
CAMK2G	1	False	1	True
MAFB	1	False	1	True
NR2C1	1	False	1	True
ADAMTS18	1	False	1	True
MCAM	1	False	1	True
GIT2	1	False	1	True
ANXA2	1	False	1	True
FYN	1	False	1	True
UTP25	1	False	1	True
PRDX3	1	False	1	True
HDAC4	1	False	1	True
NUP35	1	False	1	True
B3GAT3	1	False	1	True
HDAC8	1	False	1	True
BOP1	1	False	1	True
RCC1	1	False	1	True
CYP2S1	1	False	1	True
IRAK1	1	False	1	True
DRAXIN	1	False	1	True
OS9	1	False	1	True
KCNG3	1	False	1	True
LYRM7	1	False	1	True
NCBP3	1	False	1	True
PES1	1	False	1	True
OGFOD1	1	False	1	True
NUP210	1	False	1	True
CDC42EP3	1	False	1	True
TNKS2	1	False	1	True
SLC26A1	1	False	1	True
SOWAHC	1	False	1	True
STARD9	1	False	1	True
PALM3	1	False	1	True
RAG1	1	False	1	True
SIRT1	1	False	1	True
TLR2	1	False	1	True
SLC35C1	1	False	1	True
PSMC5	1	False	1	True
BAIAP2L1	1	False	1	True
PCDH9	1	False	1	True
DCT	1	False	1	True
ARHGAP39	1	False	1	True
SORBS1	1	False	1	True
OR2M4	1	False	1	True
FBH1	1	False	1	True
THBS1	1	False	1	True
STX1A	1	False	1	True
DEGS1	1	False	1	True
SNX1	1	False	1	True
SCN3B	1	False	1	True
KLHL11	1	False	1	True
GOLPH3	1	False	1	True
RAD23B	1	False	1	True
RAD23A	1	False	1	True
PRRC2A	1	False	1	True
ARHGEF7	1	False	1	True
WASL	1	False	1	True
FMNL3	1	False	1	True
SENP1	1	False	1	True
MED19	1	False	1	True
ELP1	1	False	1	True
PDK4	1	False	1	True
SPAG6	1	False	1	True
NDC1	1	False	1	True
ZDHHC2	1	False	1	True
DNAJB13	1	False	1	True
KCNH8	1	False	1	True
SEC61A2	1	False	1	True
CRLF1	1	False	1	True
FNBP1	1	False	1	True
MTMR1	1	False	1	True
ESYT1	1	False	1	True
WDR11	1	False	1	True
ALK	1	False	1	True
SEC61A1	1	False	1	True
IFI44L	1	False	1	True
BTBD9	1	False	1	True
CSK	1	False	1	True
TRIM26	1	False	1	True
RPL36AL	1	False	1	True
SIPA1L2	1	False	1	True
SLC9A6	1	False	1	True
CDC42BPA	1	False	1	True
LMNB1	1	False	1	True
CCDC57	1	False	1	True
MDGA1	1	False	1	True
THRSP	1	False	1	True
BAP1	1	False	1	True
TAS2R4	1	False	1	True
CENPT	1	False	1	True
MPP3	1	False	1	True
FTH1	1	False	1	True
KDSR	1	False	1	True
USP16	1	False	1	True
SERBP1	1	False	1	True
LTN1	1	False	1	True
PGR	1	False	1	True
PLXNB1	1	False	1	True
NAV3	1	False	1	True
TBX6	1	False	1	True
THEM6	1	False	1	True
TOP3B	1	False	1	True
TAPBP	1	False	1	True
UBAC1	1	False	1	True
SLC22A23	1	False	1	True
EEF1A1	1	False	1	True
FBXO45	1	False	1	True
EIF3C	1	False	1	True
UPRT	1	False	1	True
PFDN1	1	False	1	True
PELO	1	False	1	True
SCARF1	1	False	1	True
GULP1	1	False	1	True
GPR153	1	False	1	True
BRD7	1	False	1	True
TK1	1	False	1	True
RAB10	1	False	1	True
ROPN1L	1	False	1	True
KIFC1	1	False	1	True
VWC2	1	False	1	True
VPS16	1	False	1	True
ECI2	1	False	1	True
MEMO1	1	False	1	True
KIF25	1	False	1	True
GTSE1	1	False	1	True
IPP	1	False	1	True
MB	1	False	1	True
ASAH2B	1	False	1	True
PPP1R7	1	False	1	True
HRH2	1	False	1	True
GTF3C1	1	False	1	True
ERCC6	1	False	1	True
GALNT12	1	False	1	True
EMC8	1	False	1	True
ACSBG2	1	False	1	True
PAK1	1	False	1	True
RFK	1	False	1	True
PAQR4	1	False	1	True
RIF1	1	False	1	True
NIPSNAP2	1	False	1	True
TRIP10	1	False	1	True
PIFO	1	False	1	True
CAPZB	1	False	1	True
NKTR	1	False	1	True
PABPC3	1	False	1	True
RPS13	1	False	1	True
CHAD	1	False	1	True
TMEM87B	1	False	1	True
ANXA11	1	False	1	True
PTAFR	1	False	1	True
ABCB4	1	False	1	True
USP5	1	False	1	True
SPATA4	1	False	1	True
CYB5A	1	False	1	True
AOC3	1	False	1	True
BIRC3	1	False	1	True
DDX19A	1	False	1	True
AOC1	1	False	1	True
PVALB	1	False	1	True
USP9X	1	False	1	True
GRHPR	1	False	1	True
PITRM1	1	False	1	True
LGMN	1	False	1	True
VANGL1	1	False	1	True
CLBA1	1	False	1	True
BASP1	1	False	1	True
TMEM59	1	False	1	True
NRDE2	1	False	1	True
BAIAP2L2	1	False	1	True
CAMK2D	1	False	1	True
CDC42EP1	1	False	1	True
STBD1	1	False	1	True
GABRA5	1	False	1	True
WIPF2	1	False	1	True
PAK3	1	False	1	True
PPP1R10	1	False	1	True
GLIPR1	1	False	1	True
TRIM56	1	False	1	True
