Normalized_Pathway,ToppFun_Pathway_ID,Enrichr_Gene_Count,ToppFun_Gene_Count,Shared_Gene_Count,Enrichr_Only_Gene_Count,ToppFun_Only_Gene_Count,Jaccard_Similarity,Shared_Genes,Enrichr_Only_Genes,ToppFun_Only_Genes
ACUTE_MYELOID_LEUKEMIA,M19888,33,29,25,8,4,0.6756756756756757,AKT1;AKT2;AKT3;ARAF;BRAF;GRB2;HRAS;JUP;MAP2K1;MAP2K2;MAPK1;MAPK3;MYC;NRAS;PIK3CA;PIK3CB;PIK3R1;PIK3R2;PIK3R3;PML;RARA;RELA;SOS1;SOS2;STAT3,CEBPE;CSF2;DUSP6;FCGR1A;ITGAM;LONP1;NDUFA2;PER2,KRAS;PIK3CD;PIK3CG;RAF1
ADHERENS_JUNCTION,M638,38,30,27,11,3,0.6585365853658537,ACTN1;ACTN4;CDC42;CREBBP;CTNNB1;EGFR;EP300;ERBB2;FGFR1;FYN;IQGAP1;MAPK1;MAPK3;NECTIN3;NECTIN4;PARD3;RAC2;RHOA;SMAD4;SORBS1;SRC;SSX2IP;TGFBR1;TGFBR2;TJP1;WAS;WASL,CDH5;FZR1;MYL12B;MYL5;MYL9;NCOA3;NDUFAB1;ROCK1;ROCK2;SLTM;SMURF1,ACTB;ACTN2;RAC1
ADIPOCYTOKINE_SIGNALING_PATHWAY,M10462,27,25,24,3,1,0.8571428571428571,ACSL3;AKT1;AKT2;AKT3;CD36;G6PC2;JAK2;LEP;MAPK8;MAPK9;NFKBIA;NPY;PCK2;POMC;PPARGC1A;RELA;RXRG;SLC2A1;SLC2A4;SOCS3;STAT3;STK11;TNF;TNFRSF1A,ACSBG2;APPL1;G6PC3,LEPR
ALANINE_ASPARTATE_AND_GLUTAMATE_METABOLISM,M17758,19,21,16,3,5,0.6666666666666666,ADSL;ADSS1;ADSS2;AGXT;ALDH5A1;ASL;ASS1;GAD2;GFPT1;GFPT2;GLUL;GOT2;GPT;GPT2;IL4I1;NIT2,COASY;GOT1L1;RIMKLB,CAD;GLUD1;GLUD2;GOT1;PPAT
AMINO_SUGAR_AND_NUCLEOTIDE_SUGAR_METABOLISM,M8104,20,24,17,3,7,0.6296296296296297,FCSK;GALK1;GALK2;GFPT1;GFPT2;GMPPA;GMPPB;GNPDA1;GNPDA2;GNPNAT1;NAGK;PGM1;PGM2;PGM3;PMM1;PMM2;UGP2,HKDC1;HOOK2;HOOK3,CYB5R1;GCK;GPI;HK1;HK2;HK3;MPI
APOPTOSIS,M8492,54,35,22,32,13,0.3283582089552239,AIFM1;AKT1;AKT2;AKT3;BAX;BCL2;BIRC3;CAPN1;CASP3;CYCS;NFKBIA;PIK3CA;PIK3CB;PIK3R1;PIK3R2;PIK3R3;RELA;TNF;TNFRSF10A;TNFRSF10B;TNFRSF1A;TP53,ATF4;BCL2L11;CTSD;CTSF;CTSH;DAXX;DDIT3;EIF2AK3;EIF2S1;FASN;FOS;HRAS;JUN;LMNA;LMNB1;MAP2K1;MAP2K2;MAP3K5;MAPK1;MAPK3;MAPK8;MAPK9;NRAS;SPTAN1;TUBA1A;TUBA1B;TUBA1C;TUBA3D;TUBA3E;TUBA4A;TUBA8;TUBAL3,IL1B;IRAK1;MYD88;PIK3CD;PIK3CG;PPP3CB;PRKACA;PRKACB;PRKACG;PRKAR1A;PRKAR1B;PRKAR2A;PRKAR2B
AXON_GUIDANCE,M5539,63,43,34,29,9,0.4722222222222222,ABL1;CDC42;CDK5;CXCR4;FYN;GNAI1;GNAI2;GNAI3;GSK3B;HRAS;ITGB1;LRRC4C;MAPK1;MAPK3;NRAS;PAK4;PLXNA1;PLXNB1;PPP3CB;RAC2;RGS3;RHOA;RHOD;RND1;ROCK1;ROCK2;SEMA3A;SEMA3B;SEMA3F;SEMA4A;SEMA4B;SEMA4C;SRGAP2;UNC5D,ARHGEF7;CAMK2A;CAMK2B;CAMK2D;CAMK2G;ENAH;MYL12B;MYL5;MYL9;NCOA3;PARD3;PARD6A;PIK3CA;PIK3CB;PIK3R1;PIK3R2;PIK3R3;PLCG1;PLCG2;PRKCA;PRKCZ;PTCH1;SHH;SLTM;SRC;SSH3;TRPC6;WNT5A;WNT5B,KRAS;PAK1;PAK2;PAK3;PAK5;PAK6;RAC1;RASA1;SRGAP3
BLADDER_CANCER,M19096,19,18,16,3,2,0.7619047619047619,ARAF;BRAF;CDKN2A;EGFR;ERBB2;HRAS;MAP2K1;MAP2K2;MAPK1;MAPK3;MDM2;MYC;NRAS;RPS6KA5;THBS1;TP53,FZR1;SCO2;SRC,KRAS;RAF1
B_CELL_RECEPTOR_SIGNALING_PATHWAY,M5436,27,31,26,1,5,0.8125,AKT1;AKT2;AKT3;FOS;GRB2;GSK3B;HRAS;JUN;MAP2K1;MAP2K2;MAPK1;MAPK3;NFKBIA;NRAS;PIK3CA;PIK3CB;PIK3R1;PIK3R2;PIK3R3;PLCG2;PPP3CB;PRKCB;RAC2;RELA;SOS1;SOS2,NCOA3,KRAS;PIK3CD;PIK3CG;RAC1;RAF1
CALCIUM_SIGNALING_PATHWAY,M2890,94,83,80,14,3,0.8247422680412371,ADCY1;ADCY2;ADCY4;ADCY7;ADCY8;ADCY9;ADORA2A;ADRA1A;ADRA1B;ADRA1D;ADRB1;ADRB2;ADRB3;AGTR1;ATP2A1;AVPR1A;AVPR1B;CACNA1F;CALM1;CALM2;CALM3;CALML3;CALML5;CALML6;CAMK2A;CAMK2B;CAMK2D;CAMK2G;CAMK4;CHRM1;EGFR;ERBB2;GNA11;GNA14;GNA15;GNAL;GNAQ;GNAS;GRM1;GRM5;HRH2;HTR2B;HTR2C;LHCGR;NTSR1;OXTR;P2RX4;PDE1A;PDE1B;PDE1C;PDGFRB;PLCB1;PLCB2;PLCB3;PLCB4;PLCD1;PLCD3;PLCD4;PLCE1;PLCG1;PLCG2;PLCZ1;PPP3CB;PRKACB;PRKACG;PRKCA;PRKCB;PRKCG;PTAFR;RYR1;RYR2;SLC25A4;SLC25A5;SLC25A6;SLC8A1;TBXA2R;TRHR;VDAC1;VDAC2;VDAC3,CALML4;CAMK1;CAMK1D;CAMK1G;CXCR4;DHX34;FGFR1;MCOLN1;NTRK2;PDGFC;PPIF;SLTM;SOS1;TFEB,ADCY3;HRH1;PRKACA
CELL_CYCLE,M7963,66,59,56,10,3,0.8115942028985508,ABL1;ANAPC1;ANAPC10;ANAPC11;ANAPC13;ANAPC2;ANAPC4;ANAPC5;ANAPC7;BUB1B;CCNB3;CDC14A;CDC16;CDC20;CDC23;CDC26;CDC27;CDC6;CDK7;CDKN2A;CHEK2;CREBBP;EP300;FZR1;GSK3B;HDAC1;HDAC2;MAD2L1;MCM3;MCM4;MCM5;MCM6;MCM7;MDM2;MYC;ORC3;ORC4;ORC5;PLK1;PRKDC;RBX1;SKP1;SMAD4;SMC1A;SMC3;STAG2;TGFB1;TP53;TTK;YWHAB;YWHAE;YWHAG;YWHAH;YWHAQ;YWHAZ;ZBTB17,ANAPC15;ANAPC16;ATRX;CDT1;ESCO1;ESCO2;HDAC8;PDS5A;PDS5B;TRIP13,MCM2;ORC1;ORC2
CHEMOKINE_SIGNALING_PATHWAY,M4844,99,101,92,7,9,0.8518518518518519,ADCY1;ADCY2;ADCY4;ADCY5;ADCY6;ADCY7;ADCY8;ADCY9;AKT1;AKT2;AKT3;ARRB1;ARRB2;BRAF;CCL19;CCL2;CCL21;CCL22;CCR1;CCR2;CCR3;CCR5;CCR6;CDC42;CX3CL1;CX3CR1;CXCL11;CXCR4;CXCR5;ELMO1;GNAI1;GNAI2;GNAI3;GNB1;GNB2;GNB3;GNB4;GNB5;GNG10;GNG11;GNG12;GNG13;GNG2;GNG3;GNG4;GNG5;GNG7;GNG8;GNGT1;GNGT2;GRB2;GRK1;GRK2;GRK3;GRK4;GRK5;GRK6;GRK7;GSK3B;HRAS;JAK2;MAP2K1;MAPK1;MAPK3;NFKBIA;NRAS;PARD3;PIK3CA;PIK3CB;PIK3CG;PIK3R1;PIK3R2;PIK3R3;PLCB1;PLCB2;PLCB3;PLCB4;PRKACB;PRKACG;PRKCB;PRKCZ;RAC2;RELA;RHOA;ROCK1;ROCK2;SOS1;SOS2;STAT1;STAT2;STAT3;WAS,GNAQ;NCOA3;PLCG1;PLCG2;PRKCA;PXDN;SRC,ADCY3;CSK;KRAS;PAK1;PIK3CD;PRKACA;RAC1;RAF1;WASL
CHRONIC_MYELOID_LEUKEMIA,M321,35,38,34,1,4,0.8717948717948718,ABL1;AKT1;AKT2;AKT3;ARAF;BRAF;CDKN2A;CTBP1;CTBP2;GRB2;HDAC1;HDAC2;HRAS;MAP2K1;MAP2K2;MAPK1;MAPK3;MDM2;MYC;NFKBIA;NRAS;PIK3CA;PIK3CB;PIK3R1;PIK3R2;PIK3R3;RELA;SMAD4;SOS1;SOS2;TGFB1;TGFBR1;TGFBR2;TP53,BAX,KRAS;PIK3CD;PIK3CG;RAF1
CITRATE_CYCLE_TCA_CYCLE,M3985,26,28,25,1,3,0.8620689655172413,ACLY;ACO1;ACO2;CS;DLAT;DLST;IDH1;IDH2;IDH3A;IDH3B;IDH3G;MDH2;OGDH;OGDHL;PCK2;PDHA1;PDHA2;PDHB;SDHA;SDHB;SDHC;SDHD;SUCLA2;SUCLG1;SUCLG2,LDHD,DLD;FH;PC
COLORECTAL_CANCER,M14631,41,37,32,9,5,0.6956521739130435,AKT1;AKT2;AKT3;APPL1;ARAF;BAX;BCL2;BRAF;CASP3;CTNNB1;CYCS;FOS;GSK3B;JUN;MAP2K1;MAPK1;MAPK3;MAPK8;MAPK9;MYC;PIK3CA;PIK3CB;PIK3R1;PIK3R2;PIK3R3;RAC2;RHOA;SMAD4;TGFB1;TGFBR1;TGFBR2;TP53,BCL2L11;EGFR;GRB2;HRAS;MAP2K2;NCOA3;NRAS;SOS1;SOS2,KRAS;PIK3CD;PIK3CG;RAC1;RAF1
DILATED_CARDIOMYOPATHY,M835,36,36,32,4,4,0.8,ADCY1;ADCY2;ADCY4;ADCY5;ADCY6;ADCY7;ADCY8;ADCY9;ADRB1;CACNA1F;CACNA2D4;CACNG2;DAG1;DMD;GNAS;ITGA4;ITGB1;ITGB5;LAMA2;LMNA;PRKACB;PRKACG;RYR2;SGCA;SGCB;SGCD;SGCG;SLC8A1;TGFB1;TNF;TPM1;TPM3,AGXT;ATP2A1;PRKCA;TTR,ACTB;ADCY3;PRKACA;TTN
ENDOCYTOSIS,M1519,97,78,71,26,7,0.6826923076923077,AP2A1;AP2A2;AP2B1;ARRB1;ARRB2;ASAP1;CCR5;CDC42;CHMP1B;CHMP2A;CHMP2B;CHMP4B;CHMP4C;CHMP6;CLTC;CLTCL1;CXCR4;DNAJC6;DNM1;DNM2;EGFR;EHD1;EPN1;EPS15;GIT1;GIT2;GRK1;GRK2;GRK3;GRK4;GRK5;GRK6;GRK7;HGS;HLA-A;HLA-B;HRAS;HSPA1A;HSPA1B;HSPA8;IL2RG;MDM2;MVB12A;MVB12B;NEDD4;NEDD4L;PARD3;PARD6A;PIP5K1A;PIP5K1B;PIP5K1C;PRKCZ;PSD2;RAB11A;RAB11FIP3;RAB5A;RABEP1;SMURF1;SNF8;SRC;STAM;STAM2;TFRC;TSG101;VPS25;VPS28;VPS36;VPS37A;VPS37B;VPS37C;VPS37D,ARF4;CAPZA1;CAPZB;CAV1;CHMP1A;CHMP7;EPS15L1;KIF5A;KIF5B;MMAB;PIP5KL1;PML;RAB10;RAB7A;RAB8A;RHOA;RNF103-CHMP3;SNX1;SNX4;TGFBR1;TGFBR2;VPS26A;VPS29;VPS35;WASL;WIPF2,ADRB1;ADRB2;ADRB3;CHMP3;CHMP4A;PIKFYVE;PIP4K2B
ENDOMETRIAL_CANCER,M19877,29,30,26,3,4,0.7878787878787878,AKT1;AKT2;AKT3;ARAF;BRAF;CTNNB1;EGFR;ERBB2;GRB2;GSK3B;HRAS;MAP2K1;MAP2K2;MAPK1;MAPK3;MYC;NRAS;PIK3CA;PIK3CB;PIK3R1;PIK3R2;PIK3R3;PTEN;SOS1;SOS2;TP53,BAX;FZR1;KCNH8,KRAS;PIK3CD;PIK3CG;RAF1
ERBB_SIGNALING_PATHWAY,M12467,42,49,39,3,10,0.75,ABL1;ABL2;AKT1;AKT2;AKT3;ARAF;BRAF;CAMK2A;CAMK2B;CAMK2D;CAMK2G;EGFR;ERBB2;GRB2;GSK3B;HRAS;JUN;MAP2K1;MAP2K2;MAPK1;MAPK3;MAPK8;MAPK9;MYC;NRAS;PAK4;PIK3CA;PIK3CB;PIK3R1;PIK3R2;PIK3R3;PLCG1;PLCG2;PRKCA;PRKCB;PRKCG;SOS1;SOS2;SRC,ARHGEF7;KCNH8;MMAB,GAB1;KRAS;PAK1;PAK2;PAK3;PAK5;PAK6;PIK3CD;PIK3CG;RAF1
FC_EPSILON_RI_SIGNALING_PATHWAY,M11816,29,34,27,2,7,0.75,AKT1;AKT2;AKT3;CSF2;FYN;GRB2;HRAS;IL4;MAP2K1;MAP2K2;MAPK1;MAPK3;MAPK8;MAPK9;NRAS;PIK3CA;PIK3CB;PIK3R1;PIK3R2;PIK3R3;PLCG1;PLCG2;PRKCA;RAC2;SOS1;SOS2;TNF,NCOA3;SPNS1,KRAS;PIK3CD;PIK3CG;PLA2G6;PRKCB;RAC1;RAF1
FC_GAMMA_R_MEDIATED_PHAGOCYTOSIS,M16121,36,43,33,3,10,0.717391304347826,AKT1;AKT2;AKT3;ASAP1;CDC42;DNM2;FCGR1A;GSN;MAP2K1;MAPK1;MAPK3;PIK3CA;PIK3CB;PIK3R1;PIK3R2;PIK3R3;PIP5K1A;PIP5K1B;PIP5K1C;PLA2G6;PLCG1;PLCG2;PLPP1;PLPP2;PLPP3;PRKCA;PRKCB;PRKCG;PTPRC;RAC2;SCIN;VASP;WAS,DOCK1;FCGR3B;SPNS1,DNM1;FCGR3A;PAK1;PIK3CD;PIK3CG;PIKFYVE;PIP4K2B;RAC1;RAF1;WASL
FOCAL_ADHESION,M7253,77,81,68,9,13,0.7555555555555555,ACTN1;ACTN4;AKT1;AKT2;AKT3;BCL2;BIRC3;BRAF;CAV1;CDC42;CHAD;CTNNB1;DIAPH1;DOCK1;EGFR;ERBB2;FLNA;FLNB;FN1;FYN;GRB2;GSK3B;HRAS;ITGA4;ITGB1;ITGB5;JUN;LAMA2;LAMB3;LAMC1;LAMC2;LAMC3;MAP2K1;MAPK1;MAPK3;MAPK8;MAPK9;MYL12B;MYL5;MYL9;PAK4;PDGFC;PDGFRB;PIK3CA;PIK3CB;PIK3R1;PIK3R2;PIK3R3;PIP5K1C;PPP1CA;PPP1CB;PPP1CC;PPP1R12A;PRKCA;PRKCB;PRKCG;PTEN;RAC2;RHOA;ROCK1;ROCK2;SOS1;SOS2;SRC;THBS1;VASP;VTN;VWF,ARHGEF7;COL9A2;EMP2;KCNH8;NCOA3;PIP5K1A;PIP5K1B;PXDN;SLTM,ACTB;ACTN2;FLNC;LAMB2;PAK1;PAK2;PAK3;PAK5;PAK6;PIK3CD;PIK3CG;RAC1;RAF1
FRUCTOSE_AND_MANNOSE_METABOLISM,M15898,26,27,20,6,7,0.6060606060606061,AKR1B1;AKR1B10;ALDOB;ALDOC;FBP1;FCSK;GMPPA;GMPPB;KHK;PFKFB1;PFKFB2;PFKFB3;PFKFB4;PFKL;PFKM;PFKP;PMM1;PMM2;SORD;TPI1,HKDC1;HOOK2;HOOK3;LOC112694756;TIGAR;TKFC,ALDOA;FBP2;HK1;HK2;HK3;MPI;MTMR1
GALACTOSE_METABOLISM,M4377,24,21,16,8,5,0.5517241379310345,AKR1B1;B4GALT1;B4GALT2;G6PC2;GAA;GALK1;GANC;GLB1;LCT;MGAM;PFKL;PFKM;PFKP;PGM1;PGM2;UGP2,AKR1B10;G6PC3;GALM;HKDC1;HOOK2;HOOK3;MGAM2;PMEL,GALK2;GCK;HK1;HK2;HK3
GAP_JUNCTION,M4013,65,70,65,0,5,0.9285714285714286,ADCY1;ADCY2;ADCY4;ADCY5;ADCY6;ADCY7;ADCY8;ADCY9;ADRB1;DRD2;EGFR;GJA1;GNA11;GNAI1;GNAI2;GNAI3;GNAQ;GNAS;GRB2;GRM1;GRM5;GUCY1A1;GUCY1A2;GUCY1B1;HRAS;HTR2B;HTR2C;MAP2K1;MAP2K2;MAPK1;MAPK3;NRAS;PDGFC;PDGFRB;PLCB1;PLCB2;PLCB3;PLCB4;PRKACB;PRKACG;PRKCA;PRKCB;PRKCG;PRKG1;PRKG2;SOS1;SOS2;SRC;TJP1;TUBA1A;TUBA1B;TUBA1C;TUBA3D;TUBA3E;TUBA4A;TUBA8;TUBAL3;TUBB;TUBB2A;TUBB2B;TUBB3;TUBB4A;TUBB4B;TUBB6;TUBB8,,ADCY3;KRAS;PRKACA;RAF1;TUBB1
GLIOMA,M1835,46,44,40,6,4,0.8,AKT1;AKT2;AKT3;ARAF;BRAF;CALM1;CALM2;CALM3;CALML3;CALML5;CALML6;CAMK2A;CAMK2B;CAMK2D;CAMK2G;CDKN2A;EGFR;GRB2;HRAS;MAP2K1;MAP2K2;MAPK1;MAPK3;MDM2;NRAS;PDGFRB;PIK3CA;PIK3CB;PIK3R1;PIK3R2;PIK3R3;PLCG1;PLCG2;PRKCA;PRKCB;PRKCG;PTEN;SOS1;SOS2;TP53,BAX;CALML4;CAMK1;CAMK1D;CAMK1G;CAMK4,KRAS;PIK3CD;PIK3CG;RAF1
GLYCINE_SERINE_AND_THREONINE_METABOLISM,M766,21,17,14,7,3,0.5833333333333334,AGXT;ALAS1;ALAS2;AOC2;AOC3;CHDH;GLYCTK;MAOB;PHGDH;PSAT1;PSPH;SHMT1;SHMT2;SRR,ALDH7A1;GRHPR;LDHD;PGAM2;PGAM4;SBDS;SDSL,CBS;CTH;DLD
GLYCOLYSIS_GLUCONEOGENESIS,M11521,47,47,36,11,11,0.6206896551724138,ACSS1;ACSS2;ADH1A;ADH1B;ADH1C;ADH5;ADH6;ADH7;ALDH7A1;ALDOB;ALDOC;DLAT;ENO1;ENO2;ENO3;FBP1;G6PC2;GALM;GAPDH;LDHA;PCK2;PDHA1;PDHA2;PDHB;PFKL;PFKM;PFKP;PGAM2;PGAM4;PGK1;PGK2;PGM1;PGM2;PKLR;PKM;TPI1,ADPGK;ENO4;G6PC3;GAPDHS;GNPDA1;HKDC1;HOOK2;HOOK3;LDHD;LOC112694756;MINPP1,ADH4;ALDH1A3;ALDOA;DLD;FBP2;GCK;GPI;HK1;HK2;HK3;PGAM1
GLYCOSAMINOGLYCAN_DEGRADATION,M3624,10,12,10,0,2,0.8333333333333334,GALNS;GLB1;GNS;GUSB;HGSNAT;IDS;IDUA;NAGLU;SGSH;SPAM1,,ARSB;HYAL1
GLYOXYLATE_AND_DICARBOXYLATE_METABOLISM,M5244,15,9,8,7,1,0.5,ACO1;ACO2;CS;GLYCTK;GRHPR;HAO1;HAO2;MDH2,ACSS1;ACSS2;AGXT;GLUL;LDHD;SHMT1;SHMT2,MTHFD1
GNRH_SIGNALING_PATHWAY,M1979,50,53,48,2,5,0.8727272727272727,ADCY1;ADCY2;ADCY4;ADCY5;ADCY6;ADCY7;ADCY8;ADCY9;ATF4;CACNA1F;CALM1;CALM2;CALM3;CALML3;CALML5;CALML6;CAMK2A;CAMK2B;CAMK2D;CAMK2G;CDC42;EGFR;GNA11;GNAQ;GNAS;GNRHR;GRB2;HRAS;JUN;MAP2K1;MAP2K2;MAP3K1;MAPK1;MAPK3;MAPK8;MAPK9;NRAS;PLCB1;PLCB2;PLCB3;PLCB4;PRKACB;PRKACG;PRKCA;PRKCB;SOS1;SOS2;SRC,CALML4;KCNH8,ADCY3;KRAS;PLA2G6;PRKACA;RAF1
INOSITOL_PHOSPHATE_METABOLISM,M3896,49,41,40,9,1,0.8,IMPA1;IMPA2;INPP4A;INPP4B;INPP5A;INPP5B;INPP5E;ISYNA1;MINPP1;OCRL;PI4KA;PI4KB;PIK3C2A;PIK3C2B;PIK3C2G;PIK3CA;PIK3CB;PIK3CG;PIKFYVE;PIP4K2A;PIP4K2B;PIP4K2C;PIP5K1A;PIP5K1B;PIP5K1C;PLCB1;PLCB2;PLCB3;PLCB4;PLCD1;PLCD3;PLCD4;PLCE1;PLCG1;PLCG2;PLCZ1;PTEN;SYNJ1;SYNJ2;TPI1,INPP5F;IP6K2;MTMR1;PI4K2A;PI4K2B;PIP5KL1;PLCH1;PLCH2;PPIP5K1,PIK3CD
INSULIN_SIGNALING_PATHWAY,M18155,71,73,62,9,11,0.7560975609756098,AKT1;AKT2;AKT3;ARAF;BRAF;CALM1;CALM2;CALM3;CALML3;CALML5;CALML6;EXOC7;FASN;FBP1;FLOT1;G6PC2;GRB2;GSK3B;GYS1;GYS2;HRAS;INS;MAP2K1;MAP2K2;MAPK1;MAPK3;MAPK8;MAPK9;NRAS;PCK2;PDE3B;PIK3CA;PIK3CB;PIK3R1;PIK3R2;PIK3R3;PKLR;PPARGC1A;PPP1CA;PPP1CB;PPP1CC;PRKACB;PRKACG;PRKAR1A;PRKAR1B;PRKAR2A;PRKAR2B;PRKCZ;PYGB;PYGL;PYGM;RHEB;RHOQ;SLC2A4;SOCS1;SOCS3;SORBS1;SOS1;SOS2;SREBF1;TRIP10;TSC1,CALML4;G6PC3;HKDC1;HOOK2;HOOK3;INPP5A;KCNH8;MMAB;PRKCA,FBP2;GCK;HK1;HK2;HK3;KRAS;PDE3A;PIK3CD;PIK3CG;PRKACA;RAF1
LEUKOCYTE_TRANSENDOTHELIAL_MIGRATION,M2164,37,41,36,1,5,0.8571428571428571,ACTN1;ACTN4;CDC42;CDH5;CLDN19;CTNNB1;CXCR4;F11R;GNAI1;GNAI2;GNAI3;ICAM1;ITGA4;ITGAM;ITGB1;MSN;MYL12B;MYL5;MYL9;PIK3CA;PIK3CB;PIK3R1;PIK3R2;PIK3R3;PLCG1;PLCG2;PRKCA;PRKCB;PRKCG;RAC2;RAPGEF4;RHOA;RHOH;ROCK1;ROCK2;VASP,PXDN,ACTB;ACTN2;PIK3CD;PIK3CG;RAC1
LONG_TERM_DEPRESSION,M8232,35,39,35,0,4,0.8974358974358975,ARAF;BRAF;CRH;CRHR1;GNA11;GNA12;GNA13;GNAI1;GNAI2;GNAI3;GNAO1;GNAQ;GNAS;GNAZ;GRIA1;GRM1;GUCY1A1;GUCY1A2;GUCY1B1;HRAS;MAP2K1;MAP2K2;MAPK1;MAPK3;NRAS;PLCB1;PLCB2;PLCB3;PLCB4;PRKCA;PRKCB;PRKCG;PRKG1;PRKG2;RYR1,,GRM5;KRAS;PLA2G6;RAF1
LONG_TERM_POTENTIATION,M3115,42,45,41,1,4,0.8913043478260869,ADCY1;ADCY8;ARAF;ATF4;BRAF;CALM1;CALM2;CALM3;CALML3;CALML5;CALML6;CAMK2A;CAMK2B;CAMK2D;CAMK2G;CAMK4;CREBBP;EP300;GNAQ;GRIA1;GRM1;GRM5;HRAS;MAP2K1;MAP2K2;MAPK1;MAPK3;NRAS;PLCB1;PLCB2;PLCB3;PLCB4;PPP1CA;PPP1CB;PPP1CC;PPP3CB;PRKACB;PRKACG;PRKCA;PRKCB;PRKCG,CALML4,KRAS;PPP1R12A;PRKACA;RAF1
LYSOSOME,M11266,45,47,44,1,3,0.9166666666666666,AGA;AP1G1;AP3B1;AP3M1;ARSG;ATP6V0A1;CD68;CLN3;CLN5;CLTC;CLTCL1;CTNS;CTSD;CTSF;CTSH;ENTPD4;FUCA1;GAA;GALNS;GGA1;GLB1;GNPTAB;GNPTG;GNS;GUSB;HGSNAT;IDS;IDUA;LAMP1;LGMN;MAN2B1;MCOLN1;MFSD8;NAGLU;NAGPA;NPC1;NPC2;PPT1;PPT2;SCARB2;SGSH;SLC11A2;SMPD1;SUMF1,SPAM1,ARSB;HYAL1;TPP1
MELANOGENESIS,M7761,64,69,62,2,7,0.8732394366197183,ADCY1;ADCY2;ADCY4;ADCY5;ADCY6;ADCY7;ADCY8;ADCY9;CALM1;CALM2;CALM3;CALML3;CALML5;CALML6;CAMK2A;CAMK2B;CAMK2D;CAMK2G;CREB1;CREB3L1;CREB3L2;CREB3L3;CREB3L4;CREBBP;CTNNB1;DCT;DVL1;DVL2;EP300;FZD2;FZD4;FZD5;FZD6;GNAI1;GNAI2;GNAI3;GNAO1;GNAQ;GNAS;GSK3B;HRAS;MAP2K1;MAP2K2;MAPK1;MAPK3;MC1R;MITF;NRAS;PLCB1;PLCB2;PLCB3;PLCB4;POMC;PRKACB;PRKACG;PRKCA;PRKCB;PRKCG;TYR;WNT11;WNT5A;WNT5B,CALML4;PARD3,ADCY3;ASIP;CREB3;FZD3;KRAS;PRKACA;RAF1
MELANOMA,M15798,29,29,25,4,4,0.7575757575757576,AKT1;AKT2;AKT3;ARAF;BRAF;CDKN2A;EGFR;FGFR1;HRAS;MAP2K1;MAP2K2;MAPK1;MAPK3;MDM2;MITF;NRAS;PDGFC;PDGFRB;PIK3CA;PIK3CB;PIK3R1;PIK3R2;PIK3R3;PTEN;TP53,BAX;FZR1;SLTM;SOS1,KRAS;PIK3CD;PIK3CG;RAF1
NATURAL_KILLER_CELL_MEDIATED_CYTOTOXICITY,M5669,43,46,39,4,7,0.78,ARAF;BRAF;CASP3;CSF2;FCGR3B;FYN;GRB2;HLA-A;HLA-B;HRAS;ICAM1;IFNAR1;IFNG;LCK;MAP2K1;MAP2K2;MAPK1;MAPK3;MICA;MICB;NRAS;PIK3CA;PIK3CB;PIK3R1;PIK3R2;PIK3R3;PLCG1;PLCG2;PPP3CB;PRKCA;PRKCB;PRKCG;RAC2;SOS1;SOS2;TNF;TNFRSF10A;TNFRSF10B;ZAP70,FASN;NCOA3;SLC7A8;SPNS1,FCGR3A;KRAS;PAK1;PIK3CD;PIK3CG;RAC1;RAF1
NEUROTROPHIN_SIGNALING_PATHWAY,M16763,53,65,52,1,13,0.7878787878787878,ABL1;AKT1;AKT2;AKT3;ARHGDIA;ATF4;BAX;BCL2;BRAF;CALM1;CALM2;CALM3;CALML3;CALML5;CALML6;CAMK2A;CAMK2B;CAMK2D;CAMK2G;CAMK4;CDC42;GRB2;GSK3B;HRAS;IRAK1;JUN;MAP2K1;MAP2K2;MAP3K1;MAP3K5;MAPK1;MAPK3;MAPK8;MAPK9;NFKBIA;NRAS;NTRK2;PIK3CA;PIK3CB;PIK3R1;PIK3R2;PIK3R3;PLCG1;PLCG2;RELA;RHOA;RPS6KA5;SH2B1;SOS1;SOS2;TP53;YWHAE,CALML4,CSK;GAB1;KRAS;PIK3CD;PIK3CG;RAC1;RAF1;RPS6KA4;YWHAB;YWHAG;YWHAH;YWHAQ;YWHAZ
NICOTINATE_AND_NICOTINAMIDE_METABOLISM,M19895,14,14,11,3,3,0.6470588235294118,AOX1;ENPP1;ENPP3;NADK;NMNAT1;NNT;NT5C;NT5C1A;NT5C2;NT5E;NT5M,NT5C1B-RDH14;NUDT13;SIRT1,NT5C1B;NT5C3A;PNP
NON_SMALL_CELL_LUNG_CANCER,M19818,37,34,30,7,4,0.7317073170731707,AKT1;AKT2;AKT3;ARAF;BRAF;CDKN2A;EGFR;ERBB2;GRB2;HRAS;MAP2K1;MAP2K2;MAPK1;MAPK3;NRAS;PIK3CA;PIK3CB;PIK3R1;PIK3R2;PIK3R3;PLCG1;PLCG2;PRKCA;PRKCB;PRKCG;RARB;RXRG;SOS1;SOS2;TP53,ALK;BAX;EML4;KIF5A;KIF5B;SLTM;STAT3,KRAS;PIK3CD;PIK3CG;RAF1
N_GLYCAN_BIOSYNTHESIS,M11079,31,30,28,3,2,0.8484848484848485,ALG1;ALG11;ALG12;ALG13;ALG14;ALG3;ALG5;ALG6;ALG8;B4GALT1;B4GALT2;B4GALT3;DDOST;DOLPP1;DPAGT1;DPM1;DPM2;DPM3;GANAB;MAN1B1;MAN2A1;MAN2A2;MGAT4A;MGAT4B;MGAT5;MGAT5B;RPN1;RPN2,DOLK;SRD5A3;ST6GAL2,MGAT1;MGAT2
OOCYTE_MEIOSIS,M16817,60,59,56,4,3,0.8888888888888888,ADCY1;ADCY2;ADCY4;ADCY5;ADCY6;ADCY7;ADCY8;ADCY9;ANAPC1;ANAPC10;ANAPC11;ANAPC13;ANAPC2;ANAPC4;ANAPC5;ANAPC7;AURKA;CALM1;CALM2;CALM3;CALML3;CALML5;CALML6;CAMK2A;CAMK2B;CAMK2D;CAMK2G;CDC16;CDC20;CDC23;CDC26;CDC27;INS;MAD2L1;MAP2K1;MAPK1;MAPK3;PGR;PLCZ1;PLK1;PPP1CA;PPP1CB;PPP1CC;PPP3CB;PRKACB;PRKACG;RBX1;SKP1;SMC1A;SMC3;YWHAB;YWHAE;YWHAG;YWHAH;YWHAQ;YWHAZ,ANAPC15;ANAPC16;CALML4;PRKCA,ADCY3;AR;PRKACA
OXIDATIVE_PHOSPHORYLATION,M19540,54,60,50,4,10,0.78125,ATP12A;ATP4A;ATP5F1A;ATP5F1B;ATP5F1C;ATP5F1D;ATP5MC1;ATP5MG;ATP5PB;ATP5PD;ATP5PF;ATP5PO;ATP6V0A1;COX10;COX11;COX15;COX17;COX4I1;COX5A;COX5B;COX6A1;COX8A;NDUFA10;NDUFA2;NDUFA3;NDUFA5;NDUFA8;NDUFA9;NDUFAB1;NDUFB3;NDUFB4;NDUFB7;NDUFB8;NDUFB9;NDUFS1;NDUFS2;NDUFS3;NDUFS7;NDUFS8;NDUFV1;NDUFV2;SDHA;SDHB;SDHC;SDHD;UQCR10;UQCRC1;UQCRC2;UQCRFS1;UQCRQ,CYCS;NDUFA12;NDUFA13;PTGS2,CYC1;MT-CO1;MT-CO2;MT-CO3;MT-CYB;MT-ND1;MT-ND2;MT-ND4;MT-ND5;NDUFA4
PANCREATIC_CANCER,M9726,33,35,30,3,5,0.7894736842105263,AKT1;AKT2;AKT3;ARAF;BRAF;BRCA2;CDC42;CDKN2A;EGFR;ERBB2;MAP2K1;MAPK1;MAPK3;MAPK8;MAPK9;PIK3CA;PIK3CB;PIK3R1;PIK3R2;PIK3R3;RAC2;RAD51;RELA;SMAD4;STAT1;STAT3;TGFB1;TGFBR1;TGFBR2;TP53,BAX;NCOA3;NRAS,KRAS;PIK3CD;PIK3CG;RAC1;RAF1
PATHOGENIC_ESCHERICHIA_COLI_INFECTION,M2333,65,32,25,40,7,0.3472222222222222,ABL1;CDC42;FYN;ITGB1;RHOA;ROCK1;ROCK2;TLR4;TUBA1A;TUBA1B;TUBA1C;TUBA3D;TUBA3E;TUBA4A;TUBA8;TUBAL3;TUBB;TUBB2A;TUBB2B;TUBB3;TUBB4A;TUBB4B;TUBB6;TUBB8;WASL,ARHGEF1;ARHGEF7;BAIAP2L1;BAX;CASP3;CLDN19;CYCS;DNAJC5;FASN;FOS;GAPDH;GNA12;GNA13;IL1B;IL6;IRAK1;JUN;MAPK1;MAPK3;MAPK8;MAPK9;MYD88;MYH9;MYO1E;MYO5A;MYO6;NCKAP1;NFKBIA;NLRP3;RELA;RPS3;SEC24C;SRC;TIRAP;TJP1;TNF;TNFRSF10A;TNFRSF10B;TNFRSF1A;WIPF2,ACTB;CTNNB1;PRKCA;TUBB1;WAS;YWHAQ;YWHAZ
PATHWAYS_IN_CANCER,M12868,192,123,108,84,15,0.5217391304347826,ABL1;AKT1;AKT2;AKT3;APPL1;ARAF;BAX;BCL2;BIRC3;BRAF;BRCA2;CASP3;CDC42;CDKN2A;CREBBP;CTBP1;CTBP2;CTNNB1;CYCS;DVL1;DVL2;EGFR;EP300;ERBB2;FGFR1;FN1;FOS;FZD2;FZD4;FZD5;FZD6;GLI1;GLI2;GLI3;GRB2;GSK3B;HDAC1;HDAC2;HIF1A;HRAS;HSP90AA1;HSP90AB1;HSP90B1;IL6;ITGB1;JUN;JUP;LAMA2;LAMB3;LAMC1;LAMC2;LAMC3;MAP2K1;MAP2K2;MAPK1;MAPK3;MAPK8;MAPK9;MAX;MDM2;MITF;MYC;NCOA4;NFKBIA;NKX3-1;NRAS;PDGFRB;PIK3CA;PIK3CB;PIK3R1;PIK3R2;PIK3R3;PLCG1;PLCG2;PML;PPARG;PRKCA;PRKCB;PRKCG;PTCH1;PTEN;PTGS2;RAC2;RAD51;RARA;RARB;RBX1;RELA;RHOA;RXRG;SHH;SLC2A1;SMAD4;SOS1;SOS2;STAT1;STAT3;SUFU;TGFB1;TGFBR1;TGFBR2;TP53;TPM3;TPR;TRAF3;WNT11;WNT5A;WNT5B,ADCY1;ADCY2;ADCY4;ADCY5;ADCY6;ADCY7;ADCY8;ADCY9;AGTR1;AGXT;ALK;ARHGEF1;BCL2L11;CALM1;CALM2;CALM3;CALML3;CALML4;CALML5;CALML6;CAMK2A;CAMK2B;CAMK2D;CAMK2G;CXCR4;EML4;FASN;FZR1;GNA11;GNA12;GNA13;GNAI1;GNAI2;GNAI3;GNAQ;GNAS;GNB1;GNB2;GNB3;GNB4;GNB5;GNG10;GNG11;GNG12;GNG13;GNG2;GNG3;GNG4;GNG5;GNG7;GNG8;GNGT1;GNGT2;HMOX1;IFNAR1;IFNG;IL2RG;IL4;JAK2;KCNH8;KEAP1;KIF7;KLKB1;LONP1;LRP5;NCOA3;NFE2L2;PLCB1;PLCB2;PLCB3;PLCB4;PRKACB;PRKACG;ROCK1;ROCK2;RPS6KA5;SKP1;SLTM;STAT2;TERT;TXNRD1;TXNRD2;TXNRD3;ZBTB17,AR;ARNT;FH;FZD3;KRAS;LAMB2;PIAS1;PIAS2;PIAS3;PIAS4;PIK3CD;PIK3CG;RAC1;RAF1;SMO
PENTOSE_PHOSPHATE_PATHWAY,M1386,21,23,17,4,6,0.6296296296296297,ALDOB;ALDOC;DERA;FBP1;H6PD;PFKL;PFKM;PFKP;PGM1;PGM2;PRPS1L1;PRPS2;RPIA;TALDO1;TKT;TKTL1;TKTL2,GLYCTK;GNPDA1;LOC112694756;PHGDH,ALDOA;FBP2;G6PD;GPI;PGD;PRPS1
PHENYLALANINE_METABOLISM,M16650,7,9,6,1,3,0.6,AOC2;AOC3;GOT2;HPD;IL4I1;MAOB,GOT1L1,ALDH1A3;GOT1;TAT
PHOSPHATIDYLINOSITOL_SIGNALING_SYSTEM,M9052,59,52,49,10,3,0.7903225806451613,CALM1;CALM2;CALM3;CALML3;CALML5;CALML6;CDS2;IMPA1;IMPA2;INPP4A;INPP4B;INPP5A;INPP5B;INPP5E;OCRL;PI4KA;PI4KB;PIK3C2A;PIK3C2B;PIK3C2G;PIK3CA;PIK3CB;PIK3R1;PIK3R2;PIK3R3;PIKFYVE;PIP4K2A;PIP4K2B;PIP4K2C;PIP5K1A;PIP5K1B;PIP5K1C;PLCB1;PLCB2;PLCB3;PLCB4;PLCD1;PLCD3;PLCD4;PLCE1;PLCG1;PLCG2;PLCZ1;PRKCA;PRKCB;PRKCG;PTEN;SYNJ1;SYNJ2,CALML4;CHEK2;INPP5F;IP6K2;MTMR1;PI4K2A;PI4K2B;PIP4P1;PIP4P2;PPIP5K1,CDS1;PIK3CD;PIK3CG
PROGESTERONE_MEDIATED_OOCYTE_MATURATION,M3578,54,56,49,5,7,0.8032786885245902,ADCY1;ADCY2;ADCY4;ADCY5;ADCY6;ADCY7;ADCY8;ADCY9;AKT1;AKT2;AKT3;ANAPC1;ANAPC10;ANAPC11;ANAPC13;ANAPC2;ANAPC4;ANAPC5;ANAPC7;ARAF;BRAF;CCNB3;CDC16;CDC23;CDC26;CDC27;FZR1;GNAI1;GNAI2;GNAI3;HSP90AA1;HSP90AB1;INS;MAD2L1;MAP2K1;MAPK1;MAPK3;MAPK8;MAPK9;PDE3B;PGR;PIK3CA;PIK3CB;PIK3R1;PIK3R2;PIK3R3;PLK1;PRKACB;PRKACG,ANAPC15;ANAPC16;AURKA;NRAS;PRKCA,ADCY3;KRAS;PDE3A;PIK3CD;PIK3CG;PRKACA;RAF1
PROSTATE_CANCER,M13191,51,53,47,4,6,0.8245614035087719,AKT1;AKT2;AKT3;ARAF;ATF4;BCL2;BRAF;CREB1;CREB3L1;CREB3L2;CREB3L3;CREB3L4;CREB5;CREBBP;CTNNB1;EGFR;EP300;ERBB2;FGFR1;GRB2;GSK3B;HRAS;HSP90AA1;HSP90AB1;HSP90B1;INS;MAP2K1;MAP2K2;MAPK1;MAPK3;MDM2;NFKBIA;NKX3-1;NRAS;PDGFC;PDGFRB;PIK3CA;PIK3CB;PIK3R1;PIK3R2;PIK3R3;PTEN;RELA;SOS1;SOS2;SRD5A2;TP53,GRM1;GRM5;KLKB1;SLC46A1,AR;CREB3;KRAS;PIK3CD;PIK3CG;RAF1
PURINE_METABOLISM,M14314,90,99,81,9,18,0.75,ADA;ADCY1;ADCY10;ADCY2;ADCY4;ADCY5;ADCY6;ADCY7;ADCY8;ADCY9;ADSL;ADSS1;ADSS2;AMPD1;AMPD2;AMPD3;APRT;ATIC;CANT1;DCK;ENPP1;ENPP3;ENTPD1;ENTPD3;ENTPD4;ENTPD5;ENTPD6;ENTPD8;GART;GDA;GMPR;GMPS;GUCY1A1;GUCY1A2;GUCY1B1;GUCY2C;GUCY2D;GUCY2F;GUK1;HPRT1;IMPDH1;IMPDH2;ITPA;NME1;NME1-NME2;NME2;NME3;NME4;NME6;NME7;NPR1;NT5C;NT5C1A;NT5C2;NT5E;NT5M;NUDT2;NUDT5;PAICS;PAPSS1;PDE10A;PDE11A;PDE1A;PDE1B;PDE1C;PDE2A;PDE3A;PDE3B;PDE4A;PDE4B;PDE5A;PDE6A;PDE6B;PDE6C;PDE6D;PDE6G;PDE6H;PDE7B;PDE9A;PRPS1L1;PRPS2,AK9;COASY;HDDC2;HDDC3;NT5C1B-RDH14;NTPCR;NUDT16;PGM1;PGM2,ADCY3;ADK;NME5;NPR2;NT5C1B;NT5C3A;PKLR;PKM;PNP;PNPT1;POLR1B;POLR2A;POLR2B;POLR2C;POLR3B;POLR3F;PPAT;PRPS1
PYRIMIDINE_METABOLISM,M5109,36,44,29,7,15,0.5686274509803921,CANT1;CTPS1;CTPS2;DCK;DHODH;DPYD;ENTPD1;ENTPD3;ENTPD4;ENTPD5;ENTPD6;ENTPD8;NME1;NME1-NME2;NME2;NME3;NME4;NME6;NME7;NT5C;NT5C1A;NT5C2;NT5C3A;NT5E;NT5M;NUDT2;TK1;TYMS;UMPS,AK9;ENPP1;ENPP3;HDDC2;NT5C1B-RDH14;NT5C3B;SCO2,CAD;ITPA;NME5;NT5C1B;PNP;PNPT1;POLR1B;POLR2A;POLR2B;POLR2C;POLR3B;POLR3F;TXNRD1;TXNRD2;UPRT
PYRUVATE_METABOLISM,M7934,21,21,15,6,6,0.5555555555555556,ACSS1;ACSS2;ALDH7A1;DLAT;GLO1;GRHPR;LDHA;LDHD;MDH2;PCK2;PDHA1;PDHA2;PDHB;PKLR;PKM,ADH1A;ADH1B;ADH1C;ADH5;ADH6;ADH7,ACAT1;ACAT2;AKR1B1;DLD;ME2;PC
REGULATION_OF_ACTIN_CYTOSKELETON,M18306,81,88,74,7,14,0.7789473684210526,ABI2;ACTN1;ACTN4;ARAF;ARHGEF1;ARHGEF7;BRAF;CDC42;CHRM1;DIAPH1;DIAPH2;DIAPH3;DOCK1;EGFR;ENAH;FGFR1;FN1;GIT1;GNA12;GNA13;GNG12;GSN;HRAS;INS;IQGAP1;IQGAP3;ITGA4;ITGAE;ITGAM;ITGAX;ITGB1;ITGB5;MAP2K1;MAP2K2;MAPK1;MAPK3;MSN;MYH9;MYL12B;MYL5;MYL9;NCKAP1;NRAS;PAK4;PDGFC;PDGFRB;PFN1;PFN2;PIK3CA;PIK3CB;PIK3R1;PIK3R2;PIK3R3;PIKFYVE;PIP4K2A;PIP4K2B;PIP4K2C;PIP5K1A;PIP5K1B;PIP5K1C;PPP1CA;PPP1CB;PPP1CC;PPP1R12A;RAC2;RHOA;ROCK1;ROCK2;SCIN;SLC9A1;SOS1;SOS2;SSH3;WASL,AKT1;AKT2;AKT3;CXCR4;NCOA3;PXDN;SRC,ACTB;ACTN2;CSK;KRAS;PAK1;PAK2;PAK3;PAK5;PAK6;PIK3CD;PIK3CG;RAC1;RAF1;WAS
RENAL_CELL_CARCINOMA,M13266,31,41,28,3,13,0.6363636363636364,AKT1;AKT2;AKT3;ARAF;BRAF;CDC42;CREBBP;EP300;GRB2;HIF1A;HRAS;JUN;MAP2K1;MAP2K2;MAPK1;MAPK3;NRAS;PAK4;PIK3CA;PIK3CB;PIK3R1;PIK3R2;PIK3R3;RBX1;SLC2A1;SOS1;SOS2;TGFB1,ARHGEF7;PRCC;SLTM,ARNT;FH;GAB1;KRAS;PAK1;PAK2;PAK3;PAK5;PAK6;PIK3CD;PIK3CG;RAC1;RAF1
RETINOL_METABOLISM,M9488,38,32,30,8,2,0.75,ADH1A;ADH1B;ADH1C;ADH5;ADH6;ADH7;ALDH1A1;ALDH1A2;AWAT2;BCO1;CYP1A1;CYP1A2;CYP26A1;CYP26B1;CYP26C1;CYP3A4;DGAT1;DHRS3;DHRS4;DHRS9;LRAT;PNPLA4;RDH10;RDH11;RDH12;RDH16;RDH5;RDH8;RETSAT;RPE65,ALDH1A3;AOX1;CYP27C1;CYP2S1;CYP2W1;HSD17B6;RDH13;SDR16C5,ADH4;DGAT2
RNA_DEGRADATION,M963,31,25,24,7,1,0.75,CNOT1;CNOT3;EDC4;ENO1;ENO2;ENO3;EXOSC10;EXOSC2;EXOSC9;HSPA9;HSPD1;LSM1;LSM2;LSM3;LSM4;LSM5;LSM6;LSM7;LSM8;MTREX;PATL1;PNPT1;TENT4A;XRN2,DHX36;NUDT16;PABPC1;PABPC3;PFKL;PFKM;PFKP,PAPOLA
SMALL_CELL_LUNG_CANCER,M3228,31,35,28,3,7,0.7368421052631579,AKT1;AKT2;AKT3;BCL2;BIRC3;CYCS;FN1;ITGB1;LAMA2;LAMB3;LAMC1;LAMC2;LAMC3;MAX;MYC;NFKBIA;PIK3CA;PIK3CB;PIK3R1;PIK3R2;PIK3R3;PTEN;PTGS2;RARB;RELA;RXRG;TP53;TRAF3,BAX;CASP3;ZBTB17,LAMB2;PIAS1;PIAS2;PIAS3;PIAS4;PIK3CD;PIK3CG
SPLICEOSOME,M2044,130,119,116,14,3,0.8721804511278195,ACIN1;ALYREF;AQR;BCAS2;BUD31;CCDC12;CDC40;CDC5L;CHERP;CRNKL1;CTNNBL1;CWC15;DDX23;DDX39B;DDX42;DDX46;DDX5;DHX15;DHX16;DHX38;DHX8;EFTUD2;EIF4A3;HNRNPA1;HNRNPA3;HNRNPC;HNRNPK;HNRNPM;HNRNPU;HSPA1A;HSPA1B;HSPA8;LSM2;LSM3;LSM4;LSM5;LSM6;LSM7;LSM8;MAGOHB;NCBP1;NCBP2;PCBP1;PHF5A;PLRG1;PPIE;PPIH;PPIL1;PQBP1;PRPF18;PRPF19;PRPF3;PRPF31;PRPF38A;PRPF4;PRPF40A;PRPF40B;PRPF6;PRPF8;PUF60;RBM17;RBM22;RBM25;RBM8A;RBMX;SART1;SF3A1;SF3A2;SF3A3;SF3B1;SF3B2;SF3B3;SF3B4;SF3B5;SF3B6;SLU7;SMNDC1;SNRNP200;SNRNP27;SNRNP40;SNRNP70;SNRPA;SNRPA1;SNRPB;SNRPB2;SNRPC;SNRPD2;SNRPD3;SNRPE;SNRPF;SNRPG;SNU13;SNW1;SRSF1;SRSF10;SRSF2;SRSF3;SRSF4;SRSF5;SRSF6;SRSF7;SRSF9;SYF2;TCERG1;THOC1;THOC2;TRA2A;TRA2B;TXNL4A;U2AF1;U2AF2;U2SURP;USP39;WBP11;XAB2;ZMAT2,BUD13;CASC3;CWC25;FUS;GPKOW;HNRNPCL1;ISY1-RAB43;NCBP2L;RBMX2;RP9;SF1;SNIP1;U2AF1L4;YJU2,ISY1;MAGOH;SNRPD1
STARCH_AND_SUCROSE_METABOLISM,M14171,25,25,18,7,7,0.5625,AGL;AMY1B;ENPP1;ENPP3;G6PC2;GAA;GANC;GBE1;GYS1;GYS2;MGAM;PGM1;PGM2;PYGB;PYGL;PYGM;TREH;UGP2,G6PC3;GNPDA1;HKDC1;HOOK2;HOOK3;MGAM2;PMEL,GCK;GPI;GUSB;HK1;HK2;HK3;SI
STEROID_BIOSYNTHESIS,M5872,11,12,10,1,2,0.7692307692307693,CYP51A1;DHCR24;DHCR7;FDFT1;HSD17B7;MSMO1;NSDHL;SC5D;SQLE;TM7SF2,LBR,EBP;LSS
TERPENOID_BACKBONE_BIOSYNTHESIS,M13465,19,15,13,6,2,0.6190476190476191,DHDDS;FDPS;GGPS1;HMGCR;HMGCS1;HMGCS2;IDI1;IDI2;MVD;MVK;PDSS1;PDSS2;PMVK,CHURC1-FNTB;FNTA;ICMT;NUS1;RCE1;ZMPSTE24,ACAT1;ACAT2
THYROID_CANCER,M523,17,16,15,2,1,0.8333333333333334,BRAF;CTNNB1;HRAS;MAP2K1;MAP2K2;MAPK1;MAPK3;MYC;NCOA4;NRAS;PPARG;RXRG;TP53;TPM3;TPR,BAX;FZR1,KRAS
TOLL_LIKE_RECEPTOR_SIGNALING_PATHWAY,M3261,36,37,34,2,3,0.8717948717948718,AKT1;AKT2;AKT3;CD80;CD86;CXCL11;FOS;IFNAR1;IKBKE;IL1B;IL6;IRAK1;JUN;MAP2K1;MAP2K2;MAPK1;MAPK3;MAPK8;MAPK9;MYD88;NFKBIA;PIK3CA;PIK3CB;PIK3R1;PIK3R2;PIK3R3;RELA;STAT1;TBK1;TIRAP;TLR2;TLR4;TNF;TRAF3,NDUFA2;STAT2,PIK3CD;PIK3CG;RAC1
TRYPTOPHAN_METABOLISM,M980,17,18,13,4,5,0.5909090909090909,ALDH7A1;AOC1;AOX1;CYP1A1;CYP1A2;CYP1B1;ECHS1;GCDH;HAAO;HADHA;IL4I1;KMO;MAOB,ALDH8A1;DHTKD1;DLST;LDHD,ACAT1;ACAT2;OGDH;OGDHL;WARS1
TYPE_II_DIABETES_MELLITUS,M19708,22,24,18,4,6,0.6428571428571429,INS;MAPK1;MAPK3;MAPK8;MAPK9;PIK3CA;PIK3CB;PIK3R1;PIK3R2;PIK3R3;PKLR;PKM;PRKCZ;SLC2A2;SLC2A4;SOCS1;SOCS3;TNF,HKDC1;HOOK2;HOOK3;PDHX,GCK;HK1;HK2;HK3;PIK3CD;PIK3CG
TYROSINE_METABOLISM,M16743,17,22,16,1,6,0.6956521739130435,ADH1A;ADH1B;ADH1C;ADH5;ADH6;ADH7;AOC2;AOC3;AOX1;DCT;GOT2;HPD;IL4I1;MAOB;TH;TYR,GOT1L1,ADH4;ALDH1A3;BUD23;GOT1;METTL6;TAT
T_CELL_RECEPTOR_SIGNALING_PATHWAY,M9904,43,48,39,4,9,0.75,AKT1;AKT2;AKT3;CD4;CD8A;CDC42;CSF2;FOS;FYN;GRB2;GSK3B;HRAS;IFNG;IL10;IL4;JUN;LCK;MAP2K1;MAP2K2;MAPK1;MAPK3;MAPK9;NFKBIA;NRAS;PAK4;PIK3CA;PIK3CB;PIK3R1;PIK3R2;PIK3R3;PLCG1;PPP3CB;PTPRC;RELA;RHOA;SOS1;SOS2;TNF;ZAP70,ARHGEF7;MAPK8;MMAB;SPNS1,KRAS;PAK1;PAK2;PAK3;PAK5;PAK6;PIK3CD;PIK3CG;RAF1
UBIQUITIN_MEDIATED_PROTEOLYSIS,M15247,66,59,59,7,0,0.8939393939393939,AIRE;ANAPC1;ANAPC10;ANAPC11;ANAPC13;ANAPC2;ANAPC4;ANAPC5;ANAPC7;BIRC3;BRCA1;CDC16;CDC20;CDC23;CDC26;CDC27;CUL3;CUL7;DDB1;FZR1;HUWE1;KEAP1;KLHL13;KLHL9;MAP3K1;MDM2;NEDD4;NEDD4L;PIAS1;PIAS2;PIAS3;PIAS4;PML;PPIL2;PRKN;PRPF19;RBX1;RCHY1;SAE1;SKP1;SMURF1;SOCS1;SOCS3;STUB1;TRIM32;TRIP12;UBA1;UBA2;UBA6;UBE2C;UBE2D1;UBE2D2;UBE2D3;UBE2E1;UBE2E3;UBE2I;UBE2S;UBR5;WWP2,ANAPC15;ANAPC16;MMAB;RPS27A;UBA52;UBB;UBC,
VALINE_LEUCINE_AND_ISOLEUCINE_DEGRADATION,M11835,22,22,19,3,3,0.76,ACAA1;ACAA2;ACADM;ALDH7A1;AOX1;BCAT1;BCAT2;BCKDHA;BCKDHB;DBT;ECHS1;HADHA;HADHB;HIBCH;HMGCL;HMGCS1;HMGCS2;HSD17B10;IL4I1,AACS;HMGCLL1;LDHD,ACAT1;ACAT2;DLD
VASCULAR_SMOOTH_MUSCLE_CONTRACTION,M9387,64,62,58,6,4,0.8529411764705882,ADCY1;ADCY2;ADCY4;ADCY5;ADCY6;ADCY7;ADCY8;ADCY9;ADORA2A;ADRA1A;ADRA1B;ADRA1D;AGTR1;ARAF;ARHGEF1;AVPR1A;AVPR1B;BRAF;CACNA1F;CALM1;CALM2;CALM3;CALML3;CALML5;CALML6;GNA11;GNA12;GNA13;GNAQ;GNAS;GUCY1A1;GUCY1A2;GUCY1B1;KCNMA1;MAP2K1;MAP2K2;MAPK1;MAPK3;MYL9;NPR1;PLA2G6;PLCB1;PLCB2;PLCB3;PLCB4;PPP1CA;PPP1CB;PPP1CC;PPP1R12A;PRKACB;PRKACG;PRKCA;PRKCB;PRKCG;PRKG1;RHOA;ROCK1;ROCK2,AGXT;CALML4;MYH9;NLRP3;NPPA;NPPC,ADCY3;NPR2;PRKACA;RAF1
VASOPRESSIN_REGULATED_WATER_REABSORPTION,M9011,30,30,27,3,3,0.8181818181818182,ADCY6;ADCY9;ARHGDIA;AVPR2;CREB1;CREB3L1;CREB3L2;CREB3L3;CREB3L4;CREB5;DCTN1;DCTN2;DCTN4;DYNC1H1;DYNC1I1;DYNC1I2;DYNC1LI1;DYNC1LI2;DYNC2H1;DYNC2LI1;DYNLL1;DYNLL2;GNAS;PRKACB;PRKACG;RAB11A;RAB5A,ADCY8;NLRP3;PRKCA,ADCY3;CREB3;PRKACA
VEGF_SIGNALING_PATHWAY,M1749,27,31,25,2,6,0.7575757575757576,AKT1;AKT2;AKT3;CDC42;HRAS;HSPB1;MAP2K1;MAP2K2;MAPK1;MAPK3;NRAS;PIK3CA;PIK3CB;PIK3R1;PIK3R2;PIK3R3;PLCG1;PLCG2;PPP3CB;PRKCA;PRKCB;PRKCG;PTGS2;RAC2;SRC,NCOA3;PXDN,KRAS;PIK3CD;PIK3CG;PLA2G6;RAC1;RAF1
WNT_SIGNALING_PATHWAY,M19428,57,53,49,8,4,0.8032786885245902,CAMK2A;CAMK2B;CAMK2D;CAMK2G;CHD8;CREBBP;CTBP1;CTBP2;CTNNB1;DVL1;DVL2;EP300;FOSL1;FZD2;FZD4;FZD5;FZD6;GSK3B;JUN;LRP5;MAPK8;MAPK9;MYC;PLCB1;PLCB2;PLCB3;PLCB4;PPP3CB;PRKACB;PRKACG;PRKCA;PRKCB;PRKCG;RAC2;RBX1;RHOA;ROCK2;RUVBL1;SKP1;SMAD4;TBL1X;TBL1XR1;TBL1Y;TP53;VANGL1;VANGL2;WNT11;WNT5A;WNT5B,CBY1;CCAR2;INVS;LGR4;NCOA3;RORA;SERPINF1;SIRT1,FZD3;PRKACA;RAC1;ROCK1
